OrderId,FirstName,LastName,Addr1,City,State,Postal,SKU,Quantity
1,Matthieu,Capnerhurst,54132 Roxbury Avenue,Dayton,OH,45470,974496025-6,2
1,Janelle,Szreter,1123 Lerdahl Hill,Kent,WA,98042,916565339-4,1
2,Jayme,Aldis,24392 Shopko Place,Albany,NY,12242,772363012-3,2
2,Leupold,Speers,78 Lawn Parkway,Cincinnati,OH,45254,839180889-0,1
2,Derk,Philippault,42 Beilfuss Center,Mesa,AZ,85205,356578469-5,5
3,Standford,Tompkins,82991 Almo Drive,Columbia,SC,29215,241873795-0,3
3,Dennie,Midgley,2 Lakeland Drive,Sacramento,CA,94297,046434370-4,2
3,Adam,Gasquoine,7792 Mitchell Drive,Omaha,NE,68197,798171934-8,3
4,Kean,Szymon,6726 Washington Hill,Jacksonville,FL,32225,453039068-3,4
4,Jemmie,Inder,29154 Longview Court,Santa Monica,CA,90405,709447060-6,4
5,Jodi,Lyptrade,9396 International Circle,Jackson,MS,39282,007391318-9,5
5,Fritz,Delhanty,8185 Menomonie Court,Jamaica,NY,11447,454156625-7,2
5,Sidney,Pelchat,26445 Weeping Birch Parkway,Peoria,IL,61651,101001086-7,2
5,Bailie,Kerrod,26886 Stoughton Crossing,Spokane,WA,99205,015450344-4,2
6,Pamela,Welling,50 Prairieview Parkway,Salt Lake City,UT,84125,170972626-1,4
6,Saraann,Kite,189 Lien Point,Washington,DC,20220,556276730-9,2
7,Ashton,Brood,32445 Heath Pass,Saint Louis,MO,63131,478570561-2,5
7,Amelie,Ateridge,271 Fairfield Street,White Plains,NY,10606,793192893-8,3
8,Aldis,Bratty,45 Randy Court,Pueblo,CO,81005,242521864-5,4
8,Robinet,Glassborow,508 Maple Alley,Monticello,MN,55585,908987965-X,3
9,Van,Brocklesby,8 Maple Wood Court,Los Angeles,CA,90005,281797870-6,2
9,Husain,Chessil,14 Truax Place,Charlotte,NC,28210,062889959-9,4
9,Merridie,Martinek,2873 Arizona Court,Texarkana,TX,75507,235053907-5,1
9,Abran,Sinnott,09 Hayes Road,Hialeah,FL,33018,329130438-1,5
10,Wynnie,Robberts,9450 Ridgeview Trail,Boston,MA,2124,219637505-5,1
11,Wendel,Chieze,5 Kings Alley,Charleston,WV,25313,699993235-2,3
11,Sonnie,Bartolijn,923 Haas Street,Wilkes Barre,PA,18768,172128368-4,2
11,Rog,Vivyan,12162 Anniversary Park,Indianapolis,IN,46221,991254064-6,3
11,Wilmar,Griniov,9488 Park Meadow Plaza,Houston,TX,77040,642869248-1,1
11,Ray,Trousdale,37 Spaight Place,Annapolis,MD,21405,065721737-9,4
11,Nat,Goreway,3 Brickson Park Junction,New Orleans,LA,70183,631026486-9,3
11,Fin,McKeggie,7 Sunfield Center,Arlington,TX,76016,794547245-1,4
12,Allan,Attawell,94 Maryland Plaza,San Francisco,CA,94147,828720030-X,2
12,Hale,Reitenbach,09 Oak Lane,Houston,TX,77260,569297937-3,4
13,Sena,Maciejak,73251 Corben Park,Louisville,KY,40225,889475414-6,4
13,Virgina,Duffyn,3 Mockingbird Point,Wilkes Barre,PA,18768,027995749-1,2
14,Shell,Llop,07313 Manley Court,Louisville,KY,40210,981687438-5,4
14,Abigail,Marty,5 Stang Street,San Diego,CA,92137,883625998-7,4
14,Quentin,Hallwood,8 Hoepker Street,Columbia,SC,29240,061125965-6,3
15,Myranda,Diss,9 Bellgrove Trail,El Paso,TX,88519,145440868-5,1
15,Torie,Begwell,69 Dakota Plaza,Denver,CO,80217,509972252-0,3
16,Neil,Biggerstaff,2 Kim Alley,Atlanta,GA,30301,520766792-0,4
16,Jackson,Spearman,37 Beilfuss Trail,Grand Junction,CO,81505,962211420-2,3
16,Antoine,Hamman,64666 Clyde Gallagher Circle,Dallas,TX,75277,597472569-7,5
16,Shellie,Astie,2329 Old Shore Drive,Lubbock,TX,79452,032816359-7,3
16,Maury,Lewtey,294 Laurel Street,Champaign,IL,61825,017225876-6,2
17,Annemarie,Monier,70739 Carioca Lane,Hampton,VA,23663,552230727-7,3
17,Shep,Buscher,49 Clarendon Terrace,New Orleans,LA,70129,859807584-1,4
17,Orsa,Genney,35 Butterfield Way,Irvine,CA,92717,583063909-2,3
17,Ginger,Borgnet,659 Grayhawk Drive,Tacoma,WA,98447,991522582-2,4
18,Ron,Rimes,6769 Golf View Terrace,Charlotte,NC,28225,680325858-0,5
18,Yasmin,Bugdell,78 Monica Parkway,San Antonio,TX,78278,756011080-0,4
18,Amalle,Sampey,14907 Trailsway Center,Fresno,CA,93709,812277636-1,5
18,Idalina,Humbey,13 Butterfield Avenue,Detroit,MI,48242,360463354-0,2
19,Ameline,Righy,66690 Mcguire Center,Detroit,MI,48217,052299348-6,5
19,Sidnee,Innes,1 Bonner Lane,Brooklyn,NY,11205,879186677-4,2
19,Clay,Oliveira,527 Dakota Drive,San Luis Obispo,CA,93407,017045708-7,3
20,Tina,Espadas,02140 Warrior Drive,Omaha,NE,68105,749862479-6,4
22,Giralda,Baxstare,120 Vernon Terrace,Des Moines,IA,50305,784356826-3,4
22,Pris,McMains,45 Golf Course Place,Green Bay,WI,54305,759087207-5,5
23,Lotta,Farnhill,3122 Riverside Terrace,Indianapolis,IN,46278,337010545-4,4
23,Marcy,Fairpo,48 Southridge Junction,Birmingham,AL,35290,834532379-0,1
23,Rolf,Izak,18313 Green Ridge Terrace,Erie,PA,16534,735691536-7,3
23,Otes,Braywood,11951 Fisk Point,Winston Salem,NC,27150,582422992-9,1
24,Arlene,Proffitt,1 Westport Plaza,Baton Rouge,LA,70894,381861371-0,4
24,Gilberte,Dungay,659 Holmberg Street,Grand Rapids,MI,49510,946218077-6,4
24,Raff,Ciccoloi,100 Beilfuss Hill,Philadelphia,PA,19196,959187458-8,5
24,Hubey,Breckenridge,736 Reinke Way,Flint,MI,48505,909668545-8,2
25,Kimberly,Davis,6621 Schiller Parkway,Long Beach,CA,90805,254186533-3,4
25,Ambros,Rillstone,58708 Hovde Alley,Delray Beach,FL,33448,502754275-5,5
25,Merilyn,Wortman,62432 Bunting Center,Frankfort,KY,40618,670283857-3,4
26,Katherine,Holbie,96 Autumn Leaf Road,Memphis,TN,38168,649581537-9,2
27,Pat,Gregory,8473 Orin Way,Las Vegas,NV,89150,037410934-6,2
28,Giacobo,MacGown,0 Sugar Place,Tulsa,OK,74170,292841294-8,3
28,Micki,Dulake,3771 Anzinger Drive,Vienna,VA,22184,237086775-2,5
29,Dominique,Jorat,67293 Grasskamp Terrace,Honolulu,HI,96825,553806243-0,4
30,Emmi,Byrth,5 Utah Center,Syracuse,NY,13210,940265141-1,4
30,Rafaellle,Eastcott,6 Logan Way,Erie,PA,16510,549735675-3,1
31,Austine,Pople,154 Springview Crossing,West Palm Beach,FL,33421,703926867-1,4
31,Ker,Kleinhaut,6 Corben Parkway,Monroe,LA,71208,477656905-1,2
31,Carmine,Cribbott,7682 Village Green Point,Saint Louis,MO,63116,713813436-3,1
31,Kristoffer,Choulerton,3 Westerfield Court,Richmond,VA,23208,004711932-2,2
32,Bo,Sustin,50 Melby Alley,Honolulu,HI,96835,919463502-1,5
32,Jilleen,Greendale,345 Hintze Court,Gainesville,GA,30506,078232073-2,2
32,Gustaf,Balam,85 Village Parkway,Houston,TX,77030,282772532-0,2
34,Lynnette,Tilston,0883 Brentwood Point,Fresno,CA,93786,013730848-5,5
34,Lorena,Pidler,4470 Springview Point,Tulsa,OK,74149,294626140-9,2
35,Jacob,Ferraresi,36191 Fisk Place,Sparks,NV,89436,918074098-7,3
36,Gilly,Pemble,97049 Kennedy Trail,Raleigh,NC,27605,731124333-5,3
36,Dagny,Mainds,9 Del Sol Avenue,Huntsville,AL,35815,057758055-8,1
37,Winny,Faltin,16258 Bowman Street,Oklahoma City,OK,73124,441831317-6,2
37,Neely,Middis,2264 Petterle Lane,Norman,OK,73071,306992532-4,3
37,Paulette,Soppit,0098 Mcguire Avenue,South Bend,IN,46699,874915781-7,4
37,Rufus,Liff,7 Upham Center,Denver,CO,80243,254235123-6,1
38,Tucky,Presswell,36 Shasta Alley,New York City,NY,10029,235126055-4,4
38,Lucius,Paddefield,156 Raven Avenue,Punta Gorda,FL,33982,980371600-X,4
40,Michale,Baughan,75 Annamark Street,Richmond,VA,23237,703273929-6,2
40,Edvard,Methven,04465 Morning Place,Arlington,VA,22212,906797818-3,5
41,Hillary,Iannelli,72033 Summit Lane,Cincinnati,OH,45999,525561266-9,3
42,Janeen,Bradnock,3 Rockefeller Terrace,Charleston,WV,25313,266522060-1,1
43,Branden,Abramow,53 Caliangt Road,Austin,TX,78783,690275904-9,3
43,Leodora,Randall,16752 Elka Parkway,Pasadena,CA,91103,143522990-8,4
43,Adena,Kennon,76 Esch Avenue,Flushing,NY,11355,003205344-4,2
43,Umeko,Bielefeld,38 Marquette Drive,Raleigh,NC,27658,705534206-6,1
45,Burt,Brimblecomb,283 Katie Center,Santa Rosa,CA,95405,817781638-1,5
45,Susanetta,Treadwell,46 Pawling Hill,Hyattsville,MD,20784,001950454-3,2
46,Caron,Emanuelli,14 Morningstar Park,Fort Worth,TX,76105,439776093-4,3
46,Olivero,Storck,60599 Ilene Trail,Indianapolis,IN,46221,252500675-5,5
46,Dexter,Bradnocke,9944 Thierer Lane,Hartford,CT,6120,640131826-0,3
46,Verena,Jirus,503 Northview Circle,Ventura,CA,93005,944918721-5,1
46,Jonis,Lettley,25 Monica Trail,Salt Lake City,UT,84130,869980313-3,1
46,Janette,Bridgstock,05 John Wall Way,Winston Salem,NC,27116,117035145-X,2
46,Robinet,Bresner,0595 Orin Road,Atlanta,GA,31106,140540708-5,5
47,Hewitt,Urey,1 Loomis Crossing,Columbus,OH,43268,079058427-1,1
47,Opalina,Truce,7132 Sutherland Lane,Amarillo,TX,79105,039430483-7,5
48,Emalia,Pock,3286 Kings Center,Sacramento,CA,94263,523112554-7,4
48,Billy,Isham,732 Carioca Center,Los Angeles,CA,90015,140267066-4,1
48,Whit,Rieflin,1 Jenifer Pass,Austin,TX,78737,929022937-3,5
48,Bendix,Endacott,84 Alpine Terrace,New Orleans,LA,70160,387870867-X,4
48,Albertina,Yankin,23 Del Mar Crossing,Washington,DC,20057,257470822-9,3
48,Darn,Dearth,7 Sugar Place,Tampa,FL,33605,026616281-9,3
50,Bat,Sybe,9259 Hooker Plaza,Richmond,VA,23213,708178747-9,4
50,Henrieta,Mucklestone,79 Park Meadow Court,San Francisco,CA,94110,296828111-9,4
50,Sarina,Davinet,34 Sachs Drive,New York City,NY,10060,376660298-5,1
51,Jaquenette,Pellington,11742 Karstens Avenue,Pensacola,FL,32595,896682203-7,4
52,Wittie,Sangar,5426 Raven Crossing,Newton,MA,2458,527819063-9,4
52,Devin,Brun,74158 Jenifer Plaza,Southfield,MI,48076,469732798-5,5
53,Marsiella,Roser,50 Lien Avenue,Portland,OR,97271,519209325-2,3
53,Georgine,Sheryne,8 4th Plaza,El Paso,TX,79905,986337312-5,5
53,Stevy,Davsley,89932 Spaight Junction,Orlando,FL,32835,218013689-7,1
54,Rebecca,Cockrill,4473 Golden Leaf Road,West Palm Beach,FL,33416,061829344-2,2
54,Luz,Flay,36 Laurel Park,Atlanta,GA,30380,718873402-X,4
54,Onofredo,Testin,34005 Cascade Center,Richmond,VA,23289,535624626-9,5
55,Ofelia,Methingam,050 Stang Avenue,New York City,NY,10060,410166126-X,1
55,Pippy,Burlingham,76 Lien Park,Phoenix,AZ,85035,754975403-9,4
55,Quinn,Jeary,914 Ridgeway Point,Henderson,NV,89012,662501849-X,3
55,Barbette,Castelli,420 Manitowish Alley,San Jose,CA,95128,601481550-3,4
55,Wyn,Eason,7271 Columbus Terrace,Dallas,TX,75241,503549939-1,4
56,Fiona,Merill,7 Columbus Parkway,Lubbock,TX,79452,393685628-1,2
56,Guillermo,Plowes,23 Dakota Park,Shawnee Mission,KS,66286,830982239-1,3
56,Shayna,Falks,105 Gerald Drive,Gainesville,FL,32627,597802378-6,3
56,Janice,Llewelly,5882 Messerschmidt Avenue,Oklahoma City,OK,73135,495964199-1,3
56,Veronike,Pepi,6 Pepper Wood Plaza,Dallas,TX,75205,110143503-8,4
57,Hally,Sillwood,1 Marquette Center,Seattle,WA,98104,416051119-8,3
57,Adrien,Bussons,75 Dahle Plaza,Atlanta,GA,31190,079007594-6,4
57,Cindelyn,Hek,01639 Gale Point,Orange,CA,92862,597648774-2,5
58,Zarah,Villaron,99879 Maywood Drive,Washington,DC,20591,369989635-8,1
58,Celka,Garie,389 Talisman Parkway,Brooklyn,NY,11220,703623374-5,3
59,Etan,Lempertz,3735 Gulseth Point,Utica,NY,13505,427925102-9,4
59,Rona,Spafford,8 Reindahl Circle,Ashburn,VA,22093,710969189-6,4
60,Odette,Normand,71134 Charing Cross Pass,Austin,TX,78732,060264447-X,4
60,Vivien,Beesley,2811 Russell Crossing,Terre Haute,IN,47812,197395952-6,3
61,Wat,MacMychem,2581 Butterfield Alley,Rochester,NY,14619,055228054-2,4
61,Betta,Gofforth,1 Buell Circle,Baton Rouge,LA,70826,866482971-3,5
62,Rhys,Gubbins,17 Pepper Wood Center,Mesa,AZ,85215,457499612-9,5
62,Pascal,Spillett,750 Cody Way,Columbus,OH,43284,188530364-5,4
63,Jobye,Sayce,4 Butterfield Circle,Austin,TX,78737,379171735-9,5
63,Desmond,Kille,53927 Norway Maple Way,Houston,TX,77234,533526534-5,1
63,Abdel,Jakubczyk,0 Lawn Hill,Columbus,GA,31998,118300912-7,2
64,Robena,Kett,6984 Dunning Park,Boise,ID,83727,182244164-1,1
64,Clemmie,Fishburn,29 Oakridge Crossing,Oakland,CA,94611,496228992-6,4
65,Marlyn,Gethen,6813 Michigan Circle,San Antonio,TX,78240,606742648-X,2
66,Davine,Edmundson,5312 Independence Point,Flushing,NY,11388,894026256-5,5
67,Constancy,MacGowan,8250 Schlimgen Drive,Hartford,CT,6145,830454177-7,5
67,Windham,Orcott,67 Melrose Drive,Albuquerque,NM,87121,888308979-0,2
68,Lucia,Pauly,21 Toban Alley,Charlotte,NC,28225,012758649-0,1
68,Joellen,Gimbrett,77306 Thackeray Point,Chicago,IL,60646,527308812-7,1
68,Anatola,Peppard,3173 Quincy Junction,Panama City,FL,32412,414438768-2,1
68,Eugine,O Sullivan,87012 Eagle Crest Plaza,Saint Louis,MO,63196,511907823-0,4
68,Mason,Alenichicov,83530 Annamark Hill,Naples,FL,33963,726287029-7,1
68,Jeniece,Duxbarry,84 Lakeland Street,Lawrenceville,GA,30045,270405190-9,3
68,Daryl,Smail,,5 Longview Plaza,OR,97232,394874760-1,3
70,Dredi,Jenoure,7 New Castle Terrace,Wichita,KS,67236,051885936-3,2
70,Renaud,Clover,10 Dennis Alley,Cincinnati,OH,45208,058348524-3,2
70,Mendel,Lacotte,53 High Crossing Crossing,Birmingham,AL,35290,942265647-8,4
70,Corty,Hiddsley,2729 Eagan Place,Washington,DC,20238,615791060-7,3
70,Yvonne,Kilcoyne,09 Autumn Leaf Plaza,Portsmouth,NH,214,122366033-8,5
71,Kristyn,de Keyser,09 Onsgard Terrace,Indianapolis,IN,46278,557579895-X,4
72,Korry,Philippet,7 Vahlen Terrace,Madison,WI,53785,107092651-5,2
73,Joyce,Bellam,2833 Messerschmidt Hill,San Bernardino,CA,92410,674316618-9,2
73,Mariele,Tizzard,412 5th Terrace,Aurora,CO,80044,588528927-1,2
74,Verney,Depke,65596 Crest Line Court,Tallahassee,FL,32304,058104257-3,2
74,Artemis,Stanistrete,12292 Tomscot Plaza,Trenton,NJ,8638,270307305-4,3
74,Emyle,Fayter,850 4th Junction,Canton,OH,44705,816360587-1,1
75,Gilly,Knok,1809 Northport Way,Portsmouth,NH,214,745784956-4,4
76,Kahlil,Schiersch,79662 Mayfield Parkway,Kansas City,MO,64190,930935842-4,4
76,Jany,Stockau,52 Butterfield Street,Indianapolis,IN,46254,118630286-0,1
76,Zorine,McBayne,6849 Butternut Park,Inglewood,CA,90310,286789449-2,2
76,Dierdre,Sebley,1 Dorton Crossing,Providence,RI,2905,577960410-X,2
77,Garvin,Bodycote,2 Transport Junction,Worcester,MA,1610,956045392-0,4
77,Klaus,Cromer,38876 Anzinger Crossing,Lancaster,CA,93584,901341080-4,2
77,Rolfe,Acland,965 Red Cloud Junction,Peoria,IL,61614,408290401-8,4
77,Jeffry,Camosso,780 Anhalt Drive,Aurora,IL,60505,594271149-6,3
78,Phebe,Flemmich,18 Dottie Plaza,Fort Lauderdale,FL,33336,450395073-8,1
79,Brok,Christofol,02130 Tomscot Crossing,Washington,DC,20046,928416924-0,5
79,Waylen,Cowland,4320 Quincy Way,Fort Lauderdale,FL,33325,247953533-9,2
80,Paige,Well,3 Amoth Place,Chicago,IL,60669,300285798-X,1
80,Malissia,Lilburn,241 Rutledge Road,Minneapolis,MN,55402,291475865-0,1
80,Vania,Blas,987 Moose Lane,Newport News,VA,23612,073083300-3,4
80,Lewiss,Burkitt,2 Commercial Court,Indianapolis,IN,46226,935989530-X,4
80,Julia,Klugel,1504 Petterle Drive,Sacramento,CA,94230,759275428-2,4
80,Torrie,Jaffra,50 Fordem Court,Grand Junction,CO,81505,165292349-7,3
80,Rik,Barnfather,99 Parkside Place,Saint Paul,MN,55188,269206335-X,5
83,Fifi,Wick,10 Northport Park,Norfolk,VA,23504,853703985-3,4
84,Nessi,Mitchel,109 Bluejay Place,Palm Bay,FL,32909,099111874-X,4
84,Jess,Hargess,46 Morrow Place,Orlando,FL,32891,256784086-9,3
84,Vida,Piller,9 Commercial Avenue,Charleston,,25389,974168978-0,2
85,Chev,Dainton,2 Bultman Street,Dayton,OH,45426,546128780-8,1
85,Noak,Kleen,7 Shasta Way,Yakima,WA,98907,746787853-2,5
85,Kissie,Trussell,5 Thompson Hill,Elizabeth,NJ,7208,400344448-5,3
85,Reamonn,Witten,63 Lake View Drive,Spokane,WA,99220,452906467-0,1
86,Quintin,Hews,87 American Ash Terrace,Amarillo,TX,79188,179565486-4,5
86,Adrianne,Hinks,3710 Magdeline Junction,San Mateo,CA,94405,283828360-X,1
86,Sean,Worsnip,80209 Amoth Trail,Montpelier,VT,5609,666809090-7,4
87,Melany,Foucher,2 Prairieview Street,Indianapolis,IN,46221,744474724-5,5
87,Shirl,Chape,31 Center Terrace,Louisville,KY,40233,417244547-0,3
88,Josie,Divina,86656 Dorton Point,Indianapolis,IN,46207,098968267-6,1
88,Elberta,Butchard,8266 Vidon Point,Philadelphia,PA,19172,364538289-5,5
88,Farrel,Keneforde,05 Moose Circle,Chicago,IL,60691,387547886-X,4
89,Fionna,Roggero,4 Veith Lane,Tallahassee,FL,32309,768857579-6,1
89,Demetria,D'Costa,49570 Esker Parkway,Houston,TX,77080,087739896-8,5
89,Laurence,Whitwell,76693 Loomis Place,New York City,NY,10039,558683271-2,4
89,Brant,Frise,8 Anhalt Park,Berkeley,CA,94712,338258725-4,2
90,Genevra,Hanscombe,7408 Southridge Parkway,Decatur,GA,30089,717713564-2,1
90,Omero,Sterling,2212 Donald Hill,Washington,DC,20566,279059889-4,2
90,Gretchen,Artz,9 Vahlen Drive,Wilmington,DE,19897,261290798-X,2
91,Scotti,Dawidsohn,652 Annamark Place,New York City,NY,10009,096593347-4,1
92,Joye,Sands,7592 Rowland Park,Jackson,MS,39296,843090861-7,5
92,Hildegaard,Coysh,864 Thackeray Circle,Hollywood,FL,33023,198288904-7,2
93,Clayton,Borzoni,3 Dorton Place,Lexington,KY,40591,459742031-2,5
93,Meg,Geraldini,4 Melrose Crossing,Dayton,OH,45419,892220391-9,5
93,Tiff,Screase,84000 Sycamore Road,Philadelphia,PA,19141,489697031-4,4
94,Rick,De Cruce,53 Mcbride Terrace,San Diego,CA,92127,466911957-5,5
95,Kory,Grasha,237 Schurz Circle,El Paso,TX,88553,400651553-7,1
95,Yetty,Bauser,98613 Surrey Lane,Portsmouth,NH,3804,521974126-8,1
95,Sydney,Balle,86472 Melody Crossing,Miami,FL,33164,315646795-2,4
96,Barney,Lebbon,7 Ridgeway Alley,Redwood City,CA,94064,990773012-2,1
96,Eva,Pipe,73 Manufacturers Lane,Topeka,KS,66611,065535221-X,4
97,Adara,Paulisch,6 Miller Avenue,Berkeley,CA,94712,940243172-1,2
98,Eimile,Iannini,13500 Jay Street,Charlotte,NC,28235,914066072-9,5
98,Reba,Stinton,1 Calypso Lane,San Antonio,TX,78260,545625854-4,2
98,Romola,Jump,1796 Hermina Place,Houston,TX,77065,571742028-5,2
98,Candice,Shillito,2092 Dwight Circle,Kansas City,MO,64101,371920015-9,3
100,Reilly,Growden,528 Dryden Trail,Salt Lake City,UT,84199,752514000-6,1
100,Priscilla,Hillitt,9 Arkansas Way,Fort Worth,TX,76198,849327841-6,5
101,Adelheid,Wellman,0 Delladonna Park,Jackson,MS,39236,133546655-X,1
101,Vally,Jewson,6527 Loeprich Parkway,Lansing,MI,48930,739755046-0,4
101,Gerty,Edling,666 Lotheville Way,Toledo,OH,43635,522812108-0,4
102,Riobard,Blaase,65 Prairie Rose Point,Fort Worth,TX,76178,975326792-4,2
102,Janis,Carbert,45337 Sauthoff Hill,Lansing,MI,48901,041202446-2,2
102,Risa,Lehon,72 Homewood Point,Sioux City,IA,51110,778726643-0,3
103,Grata,Duckels,19 Meadow Valley Point,Savannah,GA,31405,451910585-4,4
103,Almeta,Zieme,36 Sherman Park,Tyler,TX,75705,261594697-8,2
103,Candie,Heare,408 Vera Court,Cleveland,OH,44130,843375787-3,1
103,Aldus,Notman,974 Evergreen Lane,Columbia,SC,29208,667869893-2,2
103,Jdavie,Roget,6486 Esker Lane,Phoenix,AZ,85077,882756163-3,4
104,Sherwin,Angell,352 Annamark Center,San Antonio,TX,78240,436530618-9,3
105,Holly,Nicklinson,268 Di Loreto Alley,Hartford,CT,6183,714558551-0,3
105,Rasla,Germon,36997 Manley Avenue,Galveston,TX,77554,919193853-8,5
106,Nappie,Langfield,6 Kingsford Hill,Billings,MT,59105,300672054-7,2
107,Jesselyn,Willbond,1767 Delaware Street,Sacramento,CA,95865,690438630-4,1
107,Denys,Pechet,663 Dwight Terrace,Johnstown,PA,15906,769308271-9,1
107,Gnni,Pieter,825 Ridge Oak Junction,Seattle,WA,98185,750443572-4,3
107,Rubetta,Grelka,886 Fulton Alley,Orange,CA,92668,324662239-6,1
108,Zaneta,Tapper,308 Porter Road,Los Angeles,CA,90015,653679508-3,2
108,Harp,Gartrell,46879 South Trail,Washington,DC,20540,133469896-1,5
108,Paul,Lathee,37 Mcbride Parkway,Garland,TX,75049,662073053-1,4
108,Beatriz,Fitzmaurice,59 Independence Parkway,Norman,OK,73071,994610397-4,1
109,Umeko,Latus,329 Fieldstone Street,Reno,NV,89505,819615256-6,1
109,Leland,Frossell,2 Independence Court,Muncie,IN,47306,814546155-3,1
110,Josh,Boullen,003 Petterle Avenue,Boston,MA,2104,645692425-1,4
111,Hersh,Palethorpe,5 Coolidge Circle,Paterson,NJ,7522,492372181-2,3
111,Dedie,Colombier,48 Waxwing Park,Kalamazoo,MI,49006,049876696-9,4
111,Pam,Brockman,06 Talisman Point,Boston,MA,2163,057766794-7,2
112,Brian,Rossetti,598 Superior Drive,Temple,TX,76505,379611981-6,2
113,Koralle,Pauly,655 Dixon Crossing,Saint Louis,MO,63104,187670002-5,1
113,Pebrook,McCullock,930 Mandrake Park,Murfreesboro,TN,37131,612598305-6,1
113,Willabella,Towne,14 Troy Drive,Tallahassee,FL,32304,658744854-2,1
113,Judie,Pettus,512 Summerview Road,Port Washington,NY,11054,668298715-3,1
113,Domenico,Grandin,9 Crowley Plaza,Seattle,WA,98133,460777416-2,4
114,Fraser,Hammor,4 6th Circle,Arlington,VA,22244,347631289-5,4
114,Madeleine,Matson,44 Fairfield Place,Peoria,IL,61656,075884461-1,2
114,Barnabe,Vosse,38 Talisman Way,West Palm Beach,FL,33416,255253292-6,5
115,Adrianna,Dinzey,781 Moose Lane,Greensboro,NC,27499,856942043-9,4
115,Ara,Orrow,96 Paget Pass,Madison,WI,53726,957696615-9,1
115,Coral,Humphris,0 Carioca Street,Minneapolis,MN,55458,779665681-5,5
115,Traci,Boribal,08 Pearson Pass,Akron,OH,44393,340416281-1,4
116,Oren,Casella,91012 Starling Parkway,Los Angeles,CA,90087,465448301-2,3
116,Sergeant,Ruddock,0095 Bobwhite Avenue,Birmingham,AL,35244,567610903-3,5
116,Anne-corinne,Aykroyd,300 Superior Park,Los Angeles,CA,90025,850846649-8,2
117,Gabe,Greaser,6216 Stone Corner Pass,Tulsa,OK,74193,315679636-0,2
118,Newton,Wollard,364 Bluestem Lane,Clearwater,FL,33763,939965558-X,5
118,Garrek,Lonsdale,039 Dakota Lane,Wichita Falls,TX,76305,980637895-4,3
118,Mellisent,Eassom,8 Fulton Junction,Montgomery,AL,36119,030207043-5,2
118,Wake,Mercik,2 Warrior Alley,Anderson,IN,46015,259021578-9,5
119,Cassandre,Aimer,12878 Logan Point,Sioux Falls,SD,57110,274208669-2,3
121,Hughie,Birdall,4542 Thierer Court,El Paso,TX,88589,532345648-5,3
121,Gilligan,Everley,02 Stuart Crossing,Bronx,NY,10454,337675304-0,1
122,Thibaut,Smouten,5763 Helena Pass,Baltimore,MD,21275,781371520-9,4
122,Eugenie,Crosham,02753 Holy Cross Avenue,Dayton,OH,45490,844719600-3,3
122,Margaretta,Kershaw,537 Gateway Alley,Sacramento,CA,95818,702393984-9,1
123,Joell,Beynkn,62832 Amoth Center,Cumming,GA,30130,081128111-6,3
123,Pasquale,Delhanty,13251 Linden Crossing,Toledo,OH,43666,333647553-8,1
123,Stevena,Marcam,68 Di Loreto Plaza,Kansas City,MO,64190,281766980-0,4
124,Fredrick,Medcalf,8549 6th Park,Miami Beach,FL,33141,303662190-3,2
124,Floris,Kobierzycki,51 8th Parkway,Tacoma,WA,98464,615971712-X,5
124,Brannon,Mapis,2 Maryland Place,Shreveport,LA,71137,471619026-9,4
124,Tami,Onn,68415 Dixon Way,Minneapolis,MN,55446,701594097-3,1
124,Agosto,De Santos,74760 Fisk Terrace,Odessa,TX,79769,394839179-3,4
124,Dagmar,Joliffe,64967 Hoffman Pass,Reading,PA,19610,428162918-1,3
125,Winna,Zapata,01648 Parkside Park,Milwaukee,WI,53220,707778433-9,3
125,Cash,Von Salzberg,47169 Gina Junction,Mc Keesport,PA,15134,771171051-8,2
126,Philbert,Fawdry,4 Thompson Center,Kansas City,MO,64160,934818180-7,2
126,Pauly,Armstead,03 Portage Parkway,Waco,TX,76705,293651066-X,3
126,Teddy,Poleykett,8 Bay Circle,Fresno,CA,93721,030958399-3,1
126,Cirstoforo,O'Docherty,42 Grayhawk Way,New Orleans,LA,70124,186259595-X,5
126,Elmo,Rany,73 8th Point,Portsmouth,VA,23705,611017831-4,2
127,Nisse,Reynoollds,23120 Shopko Hill,Fresno,CA,93704,271712441-1,2
127,Marietta,Ebbs,5362 Wayridge Road,Young America,MN,55557,895414335-0,4
127,Stephen,Robshaw,4205 Magdeline Pass,Lawrenceville,GA,30245,815133848-2,5
128,Matthus,Gaunt,6321 Rowland Avenue,Salt Lake City,UT,84110,454277464-3,5
128,Ellene,Ortzen,73 Morningstar Junction,Sacramento,CA,94263,642166668-X,1
129,Arlana,McTurlough,796 Walton Hill,New York City,NY,10270,797602064-1,1
129,Harriett,Measures,65 Knutson Way,Louisville,KY,40293,476185576-2,4
129,Henka,Samudio,837 Lindbergh Place,Reno,NV,89550,668417139-8,1
130,Sibyl,Penning,8920 Bowman Court,Boca Raton,FL,33499,071434625-X,1
130,Carlee,Langthorne,041 Artisan Circle,Grand Rapids,MI,49544,945941636-5,5
130,Artemis,Capron,6975 Bellgrove Parkway,Dallas,TX,75310,054386277-1,1
131,Cordy,Thwaite,4690 Del Mar Lane,Dallas,TX,75397,964094738-5,2
132,Celka,Robuchon,5534 Cody Place,Bridgeport,CT,6606,195593678-1,1
132,Renaud,Scannell,509 Doe Crossing Pass,Las Vegas,NV,89115,876642665-0,3
132,Hamilton,McSkeagan,66 Prairieview Terrace,Little Rock,AR,72222,322864703-X,4
132,Hanan,Lage,41314 Meadow Valley Lane,Dayton,OH,45414,501049243-1,1
132,Devy,By,4 Spaight Road,Columbus,GA,31998,756375959-X,2
133,Reidar,Kunath,046 Sachtjen Road,Daytona Beach,FL,32123,249518672-6,3
134,Katey,Grancher,15635 Nelson Center,Silver Spring,MD,20918,918852261-X,5
134,Gusella,Kruszelnicki,9952 Karstens Pass,Portland,OR,97240,645566531-7,2
135,Vern,Tremayne,84 Granby Drive,Denton,TX,76210,260435765-8,1
135,Ferdie,Huegett,4 Stone Corner Pass,El Paso,TX,79994,751330268-5,4
135,Sheba,Nerne,59551 Walton Junction,Whittier,CA,90605,046815012-9,3
136,Willem,Merriott,81408 Dayton Point,Harrisburg,PA,17105,256536949-2,2
137,Wrennie,Pullinger,73 Lighthouse Bay Street,Winter Haven,FL,33884,617205685-9,4
137,Roseann,Brecknock,58 Scoville Road,Orlando,FL,32819,441784737-1,3
137,Barbe,Hinder,827 Farragut Terrace,Jefferson City,MO,65110,788533683-2,4
138,Linea,Haller,6738 Harper Circle,Seattle,WA,98104,862240773-X,1
138,Sophia,Findon,950 Trailsway Drive,Corpus Christi,TX,78475,691314353-2,3
138,Joanna,Kinchin,9824 Bonner Drive,Las Vegas,NV,89125,665596260-9,4
138,Bernie,Brooker,8486 Merchant Circle,Panama City,FL,32412,735685520-8,1
138,Marybelle,Westley,583 Clove Trail,Roanoke,VA,24004,683219687-3,2
139,Massimo,Cronkshaw,32 Everett Avenue,Huntsville,TX,77343,202584766-1,1
139,Jobyna,Penburton,61 Oakridge Junction,Largo,FL,33777,762666394-2,5
139,Emera,Grumble,2662 Melody Street,Mobile,AL,36616,772449164-X,4
139,Taryn,McKelloch,27632 Drewry Park,San Francisco,CA,94154,014878546-8,3
140,Astrid,Chown,360 Service Crossing,Jamaica,NY,11499,264171609-7,2
141,Caryl,Rizzello,93755 Waubesa Crossing,Shawnee Mission,KS,66215,325861192-0,4
142,Britta,Gulston,197 Buhler Drive,Chicago,IL,60669,655380959-3,1
143,Ellwood,Gilogly,693 Warbler Park,Cleveland,OH,44111,526540871-1,1
144,Noella,Turfrey,799 Susan Crossing,Greenville,SC,29610,855749498-X,3
146,Anjanette,Stook,5523 Dayton Park,New Hyde Park,NY,11044,262572618-0,5
146,Adelind,Richards,6671 Corscot Street,North Hollywood,CA,91616,421705386-X,5
146,Graeme,Perks,45 Oneill Plaza,Charlotte,NC,28272,147665662-2,4
146,Ashlie,Toppes,747 Maywood Drive,Fresno,CA,93726,638774025-8,1
146,Iorgo,Dearnley,727 Clyde Gallagher Center,Dayton,OH,45440,481206597-6,4
147,Crista,Ochterlony,52 Kenwood Court,Santa Ana,CA,92725,673571731-7,1
147,Freddi,Truckett,0 Lawn Way,Austin,TX,78754,295951787-3,4
148,Farlee,Saltman,10 Melody Lane,Fresno,CA,93721,215392351-4,1
148,Alla,Strettell,045 Scott Lane,Richmond,VA,23272,933122881-3,2
148,Manon,Sharp,00047 Di Loreto Alley,North Las Vegas,NV,89036,396377470-3,4
149,Grenville,Lermit,72 Anhalt Point,Austin,TX,78715,003362503-4,4
149,Janey,Fronzek,3 Fuller Hill,San Diego,CA,92191,643289639-8,4
149,Alva,Tripett,0272 Hoffman Plaza,Fresno,CA,93778,494533411-0,4
150,Skyler,Cockshut,825 Gulseth Junction,Odessa,TX,79764,369398295-3,2
151,Ingelbert,See,35942 Shopko Road,Orlando,FL,32819,310227494-3,4
152,Roman,Stening,4960 Cody Parkway,Kansas City,MO,64101,939080263-6,1
152,Lola,McIlhone,8 Garrison Court,Canton,OH,44705,268900029-6,3
153,Brook,MacGinney,688 Union Plaza,Rochester,NY,14614,810657107-6,5
153,Davey,Kedwell,5 Warbler Avenue,El Paso,TX,88589,993947595-0,2
153,Jacquie,Turmell,0045 Dakota Court,Grand Rapids,MI,49544,365020178-X,1
154,Chaim,Drake,45447 School Alley,Wichita Falls,TX,76310,364643301-9,2
154,Cyndia,Bracchi,471 Washington Pass,Tulsa,OK,74108,090114625-0,2
154,Barr,Rutter,90180 Reinke Drive,Nashville,TN,37250,901153154-X,2
154,Wernher,Nertney,72 Truax Pass,Memphis,TN,38114,185680821-1,3
155,Jennie,Anstice,9 Melvin Park,Clearwater,FL,34629,739889438-4,3
155,Keefe,Pristnor,93 Debs Place,Boston,MA,2208,784411473-8,2
155,Bryna,Fairall,3427 Homewood Pass,Kansas City,MO,64190,069149686-2,4
155,Dinnie,Blatherwick,50120 Autumn Leaf Street,Washington,DC,20508,671511414-5,5
156,Kessia,Haker,83144 Melvin Center,Anchorage,AK,99522,205668568-X,1
156,Lay,Cornil,85 Fallview Alley,Mc Keesport,PA,15134,052516184-8,3
157,Darcey,Degoy,85 Northland Street,Newark,NJ,7112,521166192-3,5
158,Romeo,Broun,693 Sheridan Terrace,Fort Worth,TX,76134,499931455-X,1
158,Adele,Ollerenshaw,5 Pleasure Lane,San Jose,CA,95133,967078631-2,5
158,Nicholas,Davidofski,3760 Coolidge Park,New Orleans,LA,70116,365845112-2,1
158,Bevvy,Collar,20 Forest Alley,Austin,TX,78710,213886981-4,5
158,Audie,Bruckmann,17 Granby Street,Jamaica,NY,11499,506970031-6,1
158,Avigdor,Powles,7 North Pass,Garland,TX,75044,244246026-2,1
158,Patrica,Girsch,964 Oak Way,Fresno,CA,93740,604571716-3,3
158,John,Wais,03174 Loomis Alley,Sarasota,FL,34238,269780979-1,4
158,Hinze,Chipchase,294 Kropf Place,Shreveport,LA,71105,641822657-7,5
158,Xaviera,Jovicic,0046 Ilene Parkway,Fort Wayne,IN,46867,525167388-4,3
160,Tanner,Stoffersen,24458 La Follette Road,Montgomery,AL,36195,666603270-5,2
161,Dicky,Blaik,8548 West Point,Little Rock,AR,72215,207520724-0,5
161,Shelby,McClaren,43478 Hooker Road,Savannah,GA,31422,629983684-9,2
162,Boy,Iggulden,344 Arapahoe Terrace,Denver,CO,80291,648106603-4,1
162,Loydie,Edmett,34693 Kinsman Park,Ann Arbor,MI,48107,133501437-3,5
162,Carrie,Holdron,28 Melby Hill,El Paso,TX,88514,959660916-5,4
162,Sonnie,Kloser,6254 Blackbird Terrace,Scottsdale,AZ,85255,510987791-2,2
163,Jillene,Olifaunt,40 Marquette Road,Brooklyn,NY,11215,388856831-5,5
163,Darla,Downey,105 Calypso Pass,South Lake Tahoe,CA,96154,458281837-4,5
164,Laurens,Bettam,3 Nova Hill,Orlando,FL,32813,380815828-X,3
164,Orson,Labes,48181 Orin Trail,Washington,DC,20540,265434185-2,3
164,Babita,Merrell,5447 Barnett Way,Ogden,UT,84403,427118596-5,1
165,Woodrow,Moncrefe,2 Luster Alley,Mobile,AL,36641,857466367-0,1
165,Gal,Peck,6 Burrows Pass,Phoenix,AZ,85067,720578125-6,1
166,Kalle,Dymock,0880 Maple Pass,Miami,FL,33134,577587440-4,1
166,Woodie,Loveguard,55 Reindahl Alley,Madison,WI,53705,316683981-X,1
166,Jaclin,Laughtisse,0261 Merry Street,Las Vegas,NV,89110,627571742-4,5
166,Julie,Brignell,61 Holy Cross Drive,Columbus,GA,31998,209215459-1,5
166,Arni,McGrudder,2 Nova Hill,Jackson,MS,39216,869894095-1,3
166,Ernst,Shillaber,4636 Lakewood Gardens Lane,Pittsburgh,PA,15240,528460904-2,1
168,Daniele,Kryszkiecicz,8758 Bellgrove Way,Washington,DC,20430,511494521-1,4
169,Cristine,Maudson,96992 Northridge Center,San Jose,CA,95123,265553929-X,5
169,Marcos,Oswald,74 Sherman Alley,Carol Stream,IL,60158,513573677-8,4
169,Daphene,Gatiss,994 Macpherson Drive,Arvada,CO,80005,294998299-9,3
170,Nero,Woonton,02967 Dahle Pass,Palmdale,CA,93591,514302367-X,4
170,Rikki,Maddie,0109 Debra Park,Los Angeles,CA,90025,786830394-8,3
170,Darius,Dudley,6605 Lake View Trail,Atlanta,GA,30375,706008381-2,5
171,Tanner,Marron,4828 Lillian Place,Texarkana,TX,75507,411384551-4,3
171,Charlena,Goodday,87 Porter Alley,Boynton Beach,FL,33436,962005172-6,5
171,Westleigh,Bramwich,8 Paget Avenue,El Paso,TX,88584,950726217-2,2
171,Billye,Waterhowse,2906 Iowa Plaza,North Hollywood,CA,91616,526682797-1,4
171,Rycca,Collumbine,23 Anniversary Way,Baltimore,MD,21229,756436711-3,1
172,Jeniffer,Basilotta,4367 Evergreen Court,El Paso,TX,88589,402574363-9,2
172,Abbey,Heigold,52 Hoard Junction,Clearwater,FL,34615,492569614-9,5
172,Barbabra,Putten,405 Fieldstone Plaza,Colorado Springs,CO,80930,339333801-3,2
172,Eleanor,Caesar,2781 American Road,Jackson,MS,39236,880356590-6,2
173,Joaquin,Guyan,15611 Riverside Point,Madison,WI,53726,119927573-5,4
173,Odette,Gelletly,3 Maple Wood Circle,Austin,TX,78737,238781224-7,2
174,Rica,Razzell,821 Larry Circle,Denver,CO,80262,324801932-8,1
174,Kameko,Aleksankin,3536 Eastlawn Alley,Washington,DC,20210,702575336-X,3
174,Devin,Uzielli,8 Sugar Place,New Haven,CT,6510,407035273-2,5
175,Gustavo,Backler,0489 Esch Drive,Huntsville,AL,35810,697356473-9,5
177,Adair,Bess,16 Northfield Alley,Boca Raton,FL,33487,878393501-0,5
177,Baxter,Jefferies,14 Daystar Avenue,Grand Rapids,MI,49510,804537986-3,2
178,Kurt,Johanssen,30 Buena Vista Way,Santa Rosa,CA,95405,160052206-8,1
178,Eberhard,Slowley,2136 Knutson Pass,Waterbury,CT,6721,710564520-2,1
178,Kalie,Maunders,2598 Huxley Parkway,Lafayette,LA,70505,561626395-8,2
178,Thadeus,McNeil,606 Corry Circle,Baltimore,MD,21211,381602980-9,5
179,Ulla,Marzella,75397 Anhalt Way,Bozeman,MT,59771,125610883-9,1
179,Gamaliel,Presnell,6 Sloan Trail,Amarillo,TX,79176,897049285-2,3
180,Kerrie,Fowle,14480 Tennyson Lane,Fort Wayne,IN,46852,936571434-6,4
180,Margarette,Mordy,33719 Luster Pass,Charlotte,NC,28235,968500318-1,3
181,Delmer,Brewerton,8221 Sherman Street,Orlando,FL,32819,368870219-0,1
181,Dov,Loughren,9124 Hanson Parkway,Miami,FL,33245,509750332-5,5
182,Falito,Kinleyside,00 Old Gate Point,Petaluma,CA,94975,600905392-7,4
182,Stace,McFade,015 Hudson Center,El Paso,TX,88584,624705339-8,4
182,Spike,Quarlis,6262 Daystar Alley,Bradenton,FL,34205,309865426-0,3
183,Chiquia,Mixworthy,632 Scofield Alley,Fort Wayne,IN,46896,273831338-8,2
183,Gleda,Lydon,5 Riverside Court,Morgantown,WV,26505,847145342-8,5
184,Dosi,Ternouth,5 Rockefeller Street,Macon,GA,31296,325801542-2,4
184,Corny,Juniper,4 Gina Lane,Virginia Beach,VA,23459,659672517-0,5
184,Jorry,Olenov,4 Carberry Place,Metairie,LA,70033,529263251-1,5
184,Meredithe,Shillaker,105 Florence Way,Saint Petersburg,FL,33737,988744247-X,3
185,Trixie,Pycock,43 Prairie Rose Pass,Erie,PA,16565,574042343-0,5
186,Shelley,Drage,7 Heffernan Avenue,Fresno,CA,93794,447216901-0,2
186,Sunny,Chaudrelle,570 Dryden Center,Minneapolis,MN,55487,502248235-5,3
187,Umeko,Dowsing,2861 Drewry Parkway,Edmond,OK,73034,199932386-6,5
187,Sybila,Coyett,6031 Nevada Parkway,Richmond,VA,23272,342749854-9,5
187,Julissa,Bromehed,6412 Badeau Place,Trenton,NJ,8695,113595071-7,1
187,Sandor,Scriven,38346 Truax Terrace,Topeka,KS,66629,925890574-1,1
187,Marnie,Khoter,8 Evergreen Pass,Houston,TX,77201,697464331-4,4
188,Cully,Dene,34992 1st Point,New York City,NY,10024,036038198-7,1
189,Suzann,Carrell,6402 Pepper Wood Parkway,Bronx,NY,10474,736733517-0,3
190,Parker,Lammerich,7 Brentwood Court,Atlanta,GA,30380,676322389-7,4
190,Kendre,Lawles,31 Green Ridge Junction,Tulsa,OK,74133,734249119-5,4
190,Lon,Sowley,96844 Quincy Center,Stamford,CT,6922,080240614-9,1
191,Ki,Crossingham,49 Maryland Way,Bozeman,MT,59771,311919840-4,4
192,Meghan,Duplan,59 International Point,Grand Rapids,MI,49560,757815899-6,2
193,Etty,Weatherill,661 Garrison Junction,Santa Fe,NM,87505,259274892-X,2
193,Kori,Mingo,97 Shoshone Street,Portland,OR,97296,918375442-3,1
193,Alecia,Marshfield,60183 Oriole Center,Akron,OH,44329,068345107-3,1
194,Tobey,Grainge,8791 Cascade Hill,Raleigh,NC,27635,248721187-3,1
194,Tiebout,Cline,9 Heffernan Pass,Houston,TX,77035,251400270-2,4
194,Hulda,MacDermott,8718 Hazelcrest Road,Bronx,NY,10474,004254269-3,2
195,Sargent,Wiffield,75 Huxley Court,Portland,OR,97255,738594991-6,2
195,Robinetta,Alves,2 Tomscot Road,Peoria,IL,61605,964912232-X,2
198,Barry,Chazotte,45898 Helena Pass,Pittsburgh,PA,15255,185053881-6,2
198,Milli,Abyss,914 Mayfield Crossing,Hayward,CA,94544,578513763-1,5
198,Ninon,Frusher,10261 Ludington Plaza,San Jose,CA,95138,344298613-3,5
198,Aubry,Seear,674 Forster Lane,Columbus,OH,43226,997082218-7,4
198,Charmion,Hounsom,85881 Vernon Hill,Staten Island,NY,10310,840710725-5,1
198,Darrel,De Ferraris,770 Trailsway Lane,Sacramento,CA,94245,916980450-8,4
199,Ulick,Fortnam,7177 Loomis Parkway,Austin,TX,78721,460081418-5,4
199,Paolo,Totton,88 Hollow Ridge Plaza,Los Angeles,CA,90087,175928687-7,2
199,Kissiah,Rigts,93420 Texas Parkway,Scranton,PA,18505,236305010-X,1
200,Chico,Brash,719 Golden Leaf Park,North Port,FL,34290,907981583-7,5
200,Victor,Costi,6 Nancy Plaza,Palmdale,CA,93591,775670165-8,4
200,Coleen,Bennen,8090 Artisan Way,Los Angeles,CA,90076,443717752-5,5
201,Kelli,Melledy,8571 Sachs Center,Chandler,AZ,85246,545845766-8,4
202,Nathanil,Bickardike,7332 Pine View Lane,London,KY,40745,220193802-4,5
202,Tucker,Gait,1 Southridge Plaza,Roanoke,VA,24024,313220859-0,4
202,Laina,Playden,6 Upham Way,New York City,NY,10292,175038198-2,5
203,Barbi,Gergher,69 Independence Crossing,San Jose,CA,95113,084919141-6,1
204,Eal,Shirley,66675 Tennyson Drive,Albany,NY,12237,904921411-8,5
204,Doll,Ipsley,03575 Brown Center,Northridge,CA,91328,444355755-5,5
205,Leonerd,Garred,4088 Sullivan Circle,Fresno,CA,93740,570878366-4,3
206,Zia,Devanney,92 Fallview Trail,Philadelphia,PA,19115,318375918-7,5
207,Magda,Cloney,35436 Hanson Pass,Lynchburg,VA,24515,008468419-4,4
207,Timothea,McGaugan,550 Dottie Place,Los Angeles,CA,90015,022484689-2,1
207,Obidiah,Fidler,5 Lien Place,Eugene,OR,97405,775975545-7,4
208,Lemar,Glanz,26 Alpine Avenue,Tampa,FL,33661,783832024-0,2
209,Maria,Capponer,856 Mallard Court,Hollywood,FL,33028,695103260-2,4
209,Aurore,Kreber,57970 Mariners Cove Road,Washington,DC,20591,015188771-3,4
209,Cyril,Lowrie,07230 Ridgeway Circle,Columbus,OH,43210,530077482-0,3
210,Zsa zsa,Bote,10 Lakeland Avenue,Minneapolis,MN,55441,373703170-3,1
210,Alberik,Rewbottom,00 Buena Vista Terrace,Mobile,AL,36689,190668981-4,1
211,Lula,Vassbender,078 Warbler Alley,Vero Beach,FL,32969,870438877-1,1
211,Loralee,Kliement,3 Macpherson Park,Lansing,MI,48930,418149100-5,3
211,Hamish,De Benedetti,8 Independence Crossing,Richmond,VA,23277,083991325-7,5
212,Rafaello,Beernt,7130 Farwell Drive,San Jose,CA,95173,517517929-2,2
212,Hortensia,Bettesworth,68944 Brickson Park Drive,Saint Petersburg,FL,33731,285181324-2,3
212,Giana,Pilmore,70526 Leroy Street,Lexington,KY,40596,983014723-1,1
212,Jamey,Gilfillan,4 Dayton Lane,Monticello,MN,55585,432240518-5,5
213,Kathrine,Crosswaite,6 Badeau Avenue,Knoxville,TN,37995,937771039-1,5
213,Talya,Amor,8717 Hoepker Circle,Modesto,CA,95354,953874888-3,5
213,Amargo,Mara,51097 Iowa Court,Pocatello,ID,83206,139326556-1,5
213,Othilie,Bellson,836 Amoth Parkway,Philadelphia,PA,19125,954202638-2,4
213,Montague,Mardlin,1 Longview Road,Elizabeth,NJ,7208,684570474-0,2
213,Red,Bourget,43989 Amoth Plaza,Peoria,IL,61640,597491271-3,5
213,Rhea,Liley,0654 Evergreen Drive,Bryan,TX,77806,678908682-X,3
215,Wendi,Zecchi,829 Northfield Lane,Albuquerque,NM,87110,464805093-2,3
215,Felicia,Denkel,2 Troy Pass,Miami,FL,33190,887876636-4,3
216,Ikey,Eustace,37 Gateway Drive,Davenport,IA,52804,373830654-4,3
216,Alyosha,Eatherton,75961 Porter Park,Ocala,FL,34479,111203478-1,4
217,Hamish,Eastcourt,550 Lyons Parkway,Texarkana,TX,75507,321112269-9,3
217,Mariellen,Bartaletti,6 Graedel Way,New Orleans,LA,70187,748420486-2,3
218,Rowney,Filchakov,14 Oxford Circle,Gilbert,AZ,85297,345322133-8,3
218,Quentin,Keigher,84667 Brentwood Avenue,Saint Paul,MN,55123,372903189-9,2
218,Anna,Kiendl,949 Thackeray Junction,Madison,WI,53710,515866503-6,3
219,Marga,Caseri,3 Ludington Parkway,Great Neck,NY,11024,964836487-7,5
219,Agustin,Keilloh,4 Knutson Center,Jacksonville,FL,32236,749113852-7,1
219,Cass,Kerrane,4441 Sunfield Alley,Portsmouth,NH,3804,754104506-3,1
220,Fanny,Brizell,51988 Tomscot Lane,El Paso,TX,79984,030076918-0,2
220,Rene,Lawfull,899 7th Park,Columbus,OH,43210,244749905-1,1
220,Delmar,Harkins,9 Clarendon Terrace,Fresno,CA,93715,860387780-7,3
220,Westleigh,Ferriby,2 Dovetail Drive,Charleston,WV,25326,285819869-1,5
220,Merell,Dawney,87829 Golden Leaf Trail,Dayton,OH,45470,530018740-2,4
221,Wit,O'Neary,34 Lunder Park,Houston,TX,77293,423280396-3,4
221,Bill,Bignal,1 School Way,Chicago,IL,60657,101452642-6,3
221,Jake,Deane,1201 Gulseth Junction,New York City,NY,10203,143972096-7,4
222,Dwain,Hardwin,1 South Road,Austin,TX,78783,976598930-X,1
222,Avery,Roddam,0567 John Wall Terrace,Brockton,MA,2305,539575557-8,4
222,Bay,Bouch,00 Loftsgordon Park,Cleveland,OH,44191,771755278-7,1
222,Theodore,Skaif,5435 Ridgeview Terrace,Albuquerque,NM,87110,151038113-9,1
222,Rupert,Dreigher,9235 Hanover Parkway,Fort Worth,TX,76110,057135317-7,1
223,Francyne,Ebertz,47 Ryan Plaza,Washington,DC,20392,278300209-4,3
223,Karil,Kivelle,8 Waubesa Pass,Tulsa,OK,74103,189008047-0,3
224,Daphene,Blasetti,992 Ryan Court,Levittown,PA,19058,508373195-9,4
224,Petr,Chastanet,05 Nelson Avenue,Miami,FL,33283,565249294-5,5
224,Locke,Assard,7259 Troy Crossing,Texarkana,TX,75507,025547852-6,4
224,Imojean,Franks,02488 Mcguire Way,Dallas,TX,75216,898954504-8,4
225,Beckie,Vina,63 Hollow Ridge Crossing,Shreveport,LA,71161,230709187-4,3
225,Dannie,Daborne,01 Gulseth Hill,Knoxville,TN,37931,882650908-5,3
225,Jaine,O'Beirne,7 Derek Road,Maple Plain,MN,55579,072898454-7,3
226,Susannah,Pardie,24 Muir Trail,Boston,MA,2114,133700336-0,4
226,Audrey,Askie,17143 Birchwood Terrace,New Haven,CT,6533,658271802-9,5
226,Nilson,Vasyaev,06377 Jenna Alley,Nashville,TN,37220,724870031-2,4
226,Viviana,Bulloch,90 Hudson Alley,Beaumont,TX,77713,818561977-8,3
227,Morganica,Bruyns,32733 Warrior Park,Colorado Springs,CO,80951,781323631-9,5
227,Rafaela,Lipyeat,28 Morning Pass,Washington,DC,20392,088058594-3,1
228,Nickola,Benini,8 Randy Court,Manchester,NH,3105,644334860-5,4
229,Marguerite,Edridge,08 Lindbergh Circle,Gulfport,MS,39505,918508263-5,2
229,Karalee,Canepe,03 East Point,Augusta,GA,30919,933857612-4,4
230,Moselle,Burchall,9893 Schmedeman Park,New Haven,CT,6510,478885348-5,2
230,Cosme,Gurnell,6 Acker Way,Baltimore,MD,21281,074161586-X,5
231,Dallon,Donohoe,908 Mccormick Avenue,Berkeley,CA,94705,058191440-6,3
231,Alejandra,Pinney,120 Northport Hill,Seattle,WA,98140,065520584-5,4
231,Selene,Vautier,810 Welch Way,Peoria,IL,61614,497640833-7,1
232,Noll,Pirouet,37730 Maple Point,Louisville,KY,40215,310169965-7,1
232,Kimmie,Gowdy,7 Amoth Lane,Pittsburgh,PA,15230,374515077-5,5
232,Rosemary,Daile,6065 6th Avenue,Boston,MA,2124,616424489-7,5
233,Dyane,Calverley,7124 Utah Junction,Columbus,OH,43226,639703797-5,2
233,Fairlie,Beagin,184 Bluestem Circle,Fresno,CA,93726,100525424-9,2
234,Odille,Wise,1 Utah Plaza,Yakima,WA,98907,210843402-X,3
234,Rafaela,MacPhail,1 Fremont Terrace,Grand Rapids,MI,49560,417870864-3,3
234,Ty,Elliot,70152 Hazelcrest Avenue,London,KY,40745,573756894-6,1
234,Rinaldo,Kennerknecht,81 Bultman Alley,Houston,TX,77045,383472242-1,3
235,Lorine,Vardey,7580 Sommers Street,Cleveland,OH,44125,395452670-0,3
235,Coretta,Cheek,0228 Norway Maple Trail,Virginia Beach,VA,23464,683785631-6,1
236,Iorgo,China,08836 Kipling Hill,Englewood,CO,80150,036961834-3,5
237,Edik,Embury,668 Southridge Plaza,Boise,ID,83757,443706109-8,3
237,Kippie,Annies,3211 Colorado Circle,Baton Rouge,LA,70883,571896347-9,4
238,Jeanna,Short,888 Fallview Crossing,Springfield,IL,62756,850542536-7,4
238,Rudyard,Mustin,84441 Heffernan Place,Duluth,MN,55811,652767420-1,2
239,Jens,Merwede,99 Gateway Park,Buffalo,NY,14225,777973436-6,3
239,Selene,Aldersley,58841 Merrick Street,Beaufort,SC,29905,627738687-5,2
239,Corenda,Risebarer,971 Pine View Pass,Springfield,MA,1114,551184288-5,4
240,Derron,Paliser,5 Moose Center,Omaha,NE,68110,717182900-6,1
241,Katine,Benham,854 Mallory Road,Apache Junction,AZ,85219,768818896-2,2
242,Jermaine,Cromleholme,7947 Daystar Way,Paterson,NJ,7544,012374841-0,2
242,Kerry,Cettell,68 Loomis Park,Redwood City,CA,94064,885692020-4,1
243,Roldan,Curbishley,7920 Holy Cross Circle,Anchorage,AK,99512,635743356-X,4
243,Selig,Looby,5021 Esker Place,Waco,TX,76705,917309393-9,1
243,Remington,Shera,1 Monument Lane,Austin,TX,78710,402369546-7,5
243,Randolf,Reaman,19709 Basil Pass,Pasadena,CA,91117-100,946995749-0,3
244,Elga,Fawthorpe,15079 Petterle Avenue,Memphis,TN,38119,139966998-2,5
245,Hunt,Mazzey,94 Quincy Terrace,San Antonio,TX,78235,230205387-7,5
245,Eva,McBride,01 Victoria Circle,Tampa,FL,33620,244939076-6,5
245,Zaccaria,Langeley,8 Scofield Court,Peoria,IL,61635,165090607-2,3
245,Darlleen,Atwel,9 Ridge Oak Court,San Diego,CA,92121,007020265-6,-5
246,Arvie,Sevin,03 New Castle Circle,Omaha,NE,68117,896030752-1,1
247,Calida,Bantock,63 Kedzie Crossing,Nashville,TN,37235,143692963-6,2
247,Gaile,Wanklin,5 Ohio Park,Denver,CO,80291,107755473-7,1
247,Leontine,Farthing,7160 Messerschmidt Circle,Pittsburgh,PA,15235,260513414-8,5
248,Cull,Mostyn,72 Hanover Street,Austin,TX,78789,182613354-2,3
248,Kellsie,Tassell,62 Commercial Way,Columbus,OH,43284,338436961-0,5
248,Celestine,Tolussi,92170 Aberg Lane,Miami,FL,33169,563515517-0,3
248,Phillipe,Cushelly,0 Karstens Point,Oklahoma City,OK,73109,929425697-9,1
249,Lizbeth,Knottley,7 Merry Circle,Mobile,AL,36689,579219338-X,5
249,Courtnay,Trimbey,44 Larry Junction,Saint Petersburg,FL,33737,606883417-4,1
249,Sib,Petty,9024 Mcguire Plaza,San Antonio,TX,78235,678577156-0,3
249,Zahara,Drain,216 Jay Court,Madison,WI,53716,224767588-3,2
249,Porter,Decourcy,01 Summer Ridge Point,Portland,OR,97211,532189353-5,3
250,Ulberto,Phelan,95399 Alpine Court,Jacksonville,FL,32244,380594506-X,1
250,Kara-lynn,Callard,8 Transport Center,Des Moines,IA,50393,800875358-7,4
251,Kassandra,Ellett,084 Vidon Way,Chicago,IL,60636,269483377-2,5
251,Chiarra,Vecard,3012 Randy Court,Los Angeles,CA,90040,632795176-7,4
251,Any,Jenkison,0925 Walton Alley,Wichita,KS,67210,563170710-1,4
251,Avrom,Tart,73 Briar Crest Park,Cleveland,OH,44177,632799470-9,4
252,Harriet,Viney,142 Coleman Hill,Philadelphia,PA,19146,195026714-8,1
253,Becca,Wellard,9 Pearson Pass,Bronx,NY,10474,255372251-6,5
253,Ellette,Cecchi,516 Cherokee Pass,Waterbury,CT,6705,586844819-7,3
254,Ancell,Pickerin,8817 Pierstorff Lane,Salt Lake City,UT,84140,477440908-1,1
254,Andy,McCullouch,9 Sommers Road,Washington,DC,20231,181331313-X,3
254,Gillan,Walework,20817 Sugar Place,New Orleans,LA,70142,977381941-8,5
254,Karoline,Collumbell,8 Lerdahl Way,Cleveland,OH,44130,241612854-X,4
255,Rolando,Jori,823 Del Sol Place,Houston,TX,77218,410650237-2,2
255,Stanford,Grosier,1 Moland Court,Las Vegas,NV,89135,171809099-4,5
255,Madella,Simmance,62127 Derek Trail,Huntington,WV,25726,425396740-X,2
255,Bink,Snedden,71 Steensland Plaza,Washington,DC,20244,072302886-9,5
255,Jordain,McKinna,8972 Melody Lane,Dallas,TX,75353,761251765-5,1
256,Sabrina,Heggison,9 Stuart Junction,San Antonio,TX,78220,836816220-3,3
256,Jyoti,Cobson,28100 Pennsylvania Plaza,San Antonio,TX,78205,507798411-5,1
256,Richie,Kensall,16 Sauthoff Lane,Young America,MN,55557,138431944-1,1
256,Bobbette,Gerwood,68 Scofield Parkway,Savannah,GA,31405,350183784-4,1
257,Bentley,Krauze,77 Porter Pass,Oceanside,CA,92056,329296126-2,1
257,Terence,Wagg,80617 Bunting Avenue,Tulsa,OK,74184,288268929-2,1
257,Irma,Hearty,9 Muir Place,Seattle,WA,98104,784313479-4,3
257,Chrystal,Nel,3 Kenwood Avenue,Portsmouth,NH,214,366602151-4,4
257,Waverley,Cellier,27 Holmberg Terrace,Paterson,NJ,7505,723489496-9,3
258,Moore,Margrem,5521 Ridgeway Parkway,Toledo,OH,43610,880593574-3,4
258,Ebenezer,Stappard,675 Eliot Way,Anchorage,AK,99522,268325756-2,4
258,Godfry,Josefsohn,79 Gale Junction,El Paso,TX,88553,420602628-9,1
258,Lilah,Boast,6837 Hovde Crossing,Los Angeles,CA,90015,673711300-1,5
259,Reinhard,Marwood,456 Beilfuss Avenue,East Saint Louis,IL,62205,072480047-6,5
259,Erasmus,Engley,28891 Prairie Rose Parkway,Canton,OH,44720,650980308-9,2
259,Lidia,Allsopp,1392 Mosinee Point,Buffalo,NY,14276,720399594-1,4
260,Otis,Ilchenko,6122 Del Mar Circle,Phoenix,AZ,85053,290603637-4,5
260,Giff,Maxted,2 John Wall Trail,Greenville,SC,29610,823918306-9,2
260,Cleavland,Le Barre,22 Village Green Parkway,Roanoke,VA,24024,949710971-7,4
260,Calhoun,Van Velde,837 Nelson Center,El Paso,TX,79923,323947637-1,1
260,Cecilia,Kellar,598 Trailsway Plaza,Sacramento,CA,94257,961636627-0,4
261,Allyson,Elwyn,4223 Susan Trail,Tucson,AZ,85710,801855618-0,3
261,Maible,Cossington,9 Fulton Point,New York City,NY,10270,226213303-4,3
262,Cherilynn,Asch,11179 Rowland Plaza,Colorado Springs,CO,80995,342186039-4,5
262,Lorant,Bathoe,1 Evergreen Lane,Roanoke,VA,24048,357217841-X,3
263,Trenna,Vickers,7 Superior Plaza,Kansas City,MO,64109,391998354-8,1
263,Marlo,Victoria,28679 Jenna Place,Salinas,CA,93907,383714896-3,2
263,Rasla,Sponer,0 Kennedy Way,Minneapolis,MN,55458,257967864-6,5
265,Marcello,Whiteland,7215 Rieder Place,Torrance,CA,90510,021522284-9,5
265,Joaquin,Ripley,1248 Del Sol Drive,Milwaukee,WI,53263,287814037-0,5
265,Johnnie,Lorentz,2527 Anderson Avenue,Chicago,IL,60646,920753618-8,3
266,Rudy,Gout,1 Corscot Court,Naples,FL,34114,073847504-1,3
266,Kim,Siddell,889 Warrior Hill,Migrate,KY,41905,104074309-9,2
266,Antonella,Hundey,32 Paget Place,Pinellas Park,FL,34665,970001733-8,2
266,Roxanna,Semper,45904 Pleasure Place,Salt Lake City,UT,84140,097382680-0,5
268,Ainslie,de Almeida,81648 Dexter Park,Syracuse,NY,13210,242582033-7,3
268,Stefano,O'Dougherty,0734 Old Gate Crossing,Baton Rouge,LA,70826,142685749-7,5
269,Sergent,Arthy,98 Warner Circle,Ventura,CA,93005,011874803-3,1
269,Ninette,Chafney,1803 Moose Pass,Trenton,NJ,8650,009250139-7,3
270,Dona,Chatters,867 John Wall Court,Flushing,NY,11388,648008309-1,2
270,Wesley,Piatto,5 Becker Circle,Canton,OH,44760,931972122-X,3
270,Wilow,Hubbart,3538 Green Ridge Place,San Bernardino,CA,92424,384708269-8,5
271,Hannis,D'Oyly,6 Merrick Road,Springfield,IL,62756,598409078-3,2
271,Tedman,Yeudall,884 Charing Cross Road,Sacramento,CA,95833,836350765-2,2
272,Eadith,Buckner,0 Little Fleur Avenue,Saint Louis,MO,63158,405528004-1,1
273,Kendell,Carlet,1 Heffernan Center,Provo,UT,84605,142547175-7,4
274,Alana,Searight,539 Elmside Pass,Atlanta,GA,30323,859989443-9,4
274,Heath,Morais,4096 Starling Hill,Denver,CO,80243,838472913-1,1
275,Brnaba,Gregol,91 Grayhawk Alley,Prescott,AZ,86305,537762775-X,1
275,Emeline,Tomlin,9 Towne Pass,Minneapolis,MN,55480,794847387-4,3
275,Rodney,Skene,94282 West Road,Buffalo,NY,14210,662065917-9,1
276,Annamarie,Epinoy,5 Raven Park,Boston,MA,2298,308651538-4,4
276,Gert,Duncan,3 Portage Parkway,Billings,MT,59112,878764355-3,2
277,Gwen,Askham,07 Heffernan Crossing,Louisville,KY,40210,623390534-6,5
277,Inglis,Bendixen,08262 Dawn Road,Alexandria,VA,22333,118676848-7,3
277,Alberta,Smithen,3 Sommers Terrace,Denver,CO,80270,754049942-7,1
277,Joanna,Texton,47727 3rd Crossing,Seattle,WA,98127,089084065-2,2
277,Jodie,Vaz,60 Warrior Parkway,Chicago,IL,60641,386943953-X,1
277,Sayre,Ixor,77430 Sutherland Pass,Baltimore,MD,21265,264004305-6,3
278,Candis,Crossfeld,789 Morning Road,Minneapolis,MN,55402,886773281-1,2
278,Harmon,Thandi,1351 Tennessee Street,Atlanta,GA,30328,729676444-9,2
278,Gretal,Jain,7772 Quincy Place,East Saint Louis,IL,62205,047500303-9,5
278,Mikaela,Wardle,19140 Manitowish Lane,Omaha,NE,68144,453407170-1,3
281,Amabelle,Ribbon,3 Valley Edge Alley,Cincinnati,OH,45208,232485195-4,1
281,Jarrad,Tremayne,41839 Johnson Park,Memphis,TN,38119,527746593-6,4
281,Jake,Ryley,8 Dwight Circle,El Paso,TX,79928,099903980-6,3
282,Waldemar,Simanek,339 Sutteridge Court,Shreveport,LA,71151,462740309-7,3
282,Regen,Pley,5014 Weeping Birch Alley,Kalamazoo,MI,49006,446757150-7,2
282,Noe,Piburn,45 Northfield Park,Naples,FL,34102,813096402-3,3
282,Salvador,Punter,80843 Shasta Road,Miami,FL,33158,174494510-1,2
283,Curtice,Abelwhite,22555 Sloan Way,Chattanooga,TN,37405,441288700-6,2
283,Melesa,Emanuelov,6048 Rutledge Road,Colorado Springs,CO,80951,936050957-4,5
283,Timofei,Antonias,8185 Continental Terrace,Portland,OR,97296,990854846-8,1
283,Banky,Deverock,9 Shoshone Crossing,New Orleans,LA,70116,839902990-4,3
283,Gracie,Sainte Paul,5 6th Alley,Erie,PA,16565,694183463-3,4
284,Britni,Marr,1787 Dayton Hill,Everett,WA,98206,371491109-X,5
284,Arney,Spino,2 Melrose Pass,Riverside,CA,92505,057565114-8,5
284,Berty,Ruslinge,5432 Gina Place,Troy,MI,48098,146234206-X,2
284,Andromache,Gorrie,33 Kingsford Pass,Bozeman,MT,59771,529711676-7,5
284,Teddy,Pierrepoint,86 Cardinal Crossing,Toledo,OH,43666,444007320-4,2
284,Flss,Douberday,02 Del Sol Center,Young America,MN,55564,378685804-7,5
284,Jud,Trousdell,366 Hanover Drive,Milwaukee,WI,53277,461880066-6,5
285,Reid,Brimelow,2 Schurz Place,Jacksonville,FL,32225,417041614-7,1
286,Gawain,Schlagtmans,883 Lerdahl Avenue,Washington,DC,20238,585027140-6,2
286,Pablo,Gamell,5 Sunnyside Trail,Springfield,IL,62756,796272589-3,5
286,Lorianna,Boulsher,08206 Pleasure Lane,Des Moines,IA,50320,993354299-0,2
288,Rozelle,Aumerle,3 Lotheville Park,Raleigh,NC,27621,394322066-4,5
288,Gwenni,Ingolotti,2256 Waywood Drive,Arlington,TX,76004,492207883-5,4
288,Mozes,Crosser,5 Emmet Avenue,Pinellas Park,FL,34665,040617964-6,5
289,Norina,Damarell,093 Golden Leaf Drive,Tampa,FL,33694,147060121-4,4
289,Katey,Batchellor,481 Bellgrove Alley,Chicago,IL,60630,539181058-2,3
289,Patrice,Rogliero,15920 Towne Junction,Nashville,TN,37240,620496948-X,4
291,Pavla,Martinello,09 Redwing Plaza,Orlando,FL,32868,738682963-9,2
291,Meggi,McKoy,48 Everett Court,Santa Ana,CA,92705,318956242-3,3
291,Claudius,McCurt,4 Mariners Cove Parkway,Santa Clara,CA,95054,200301929-4,2
292,Lynnell,Iacabucci,6505 Arrowood Terrace,Nashville,TN,37210,036593696-0,1
292,Philbert,Pardue,6 Pawling Pass,San Jose,CA,95133,620958421-7,2
293,Jillian,Norfolk,9004 Thierer Court,Columbus,OH,43284,701020588-4,2
294,Renato,Wytchard,67 Logan Alley,Canton,OH,44720,403209304-0,3
294,Orelie,Manuelli,8 Melvin Avenue,Houston,TX,77050,996612823-9,5
294,Becky,Devall,8175 Westport Hill,Norfolk,VA,23504,361201399-8,2
294,Caressa,Glew,31279 John Wall Plaza,Salt Lake City,UT,84125,656356363-5,4
295,Rosabelle,Madine,9 Springs Terrace,Springfield,IL,62794,085384923-4,3
295,Griz,Gut,10366 Dapin Place,Tampa,FL,33694,252090178-0,5
295,Bertine,Craze,9904 Chinook Point,Bowie,MD,20719,016866176-4,2
296,Caye,Becom,09951 Vera Crossing,Falls Church,VA,22047,583580138-6,1
296,Mattheus,Ditter,6 Barby Road,Sacramento,CA,95813,966723120-8,1
296,Erastus,Paaso,789 Dorton Circle,Norcross,GA,30092,512653830-6,5
296,Stu,Gunda,482 Mayer Junction,San Francisco,CA,94177,270473668-5,3
297,Melisent,Mathew,0128 Sauthoff Alley,Washington,DC,20580,860933300-0,3
298,Tamarah,Abercrombie,602 Hauk Center,New York City,NY,10184,898999821-2,4
298,Scarlett,Wicklin,86136 8th Road,Huntsville,AL,35810,041213872-7,2
298,Sonny,Pawle,9 Nobel Plaza,Corpus Christi,TX,78465,345878729-1,3
298,Claude,Silverstone,09 Corscot Lane,Pensacola,FL,32526,986217644-X,5
299,Eydie,Sandon,66479 Carioca Lane,Lexington,KY,40586,653287309-8,2
299,Odelinda,Rentcome,2 Menomonie Street,New Orleans,LA,70116,580763261-3,2
299,Averil,Fellgatt,29 Westridge Circle,Seminole,FL,34642,873121555-6,1
299,Jan,Obell,79086 Dixon Trail,Washington,DC,20299,257539866-5,2
299,Evangeline,Heathfield,14 Victoria Hill,San Jose,CA,95173,228835622-7,3
300,Rhea,Langshaw,203 Commercial Park,Nashville,TN,37215,249876037-7,4
300,Felicity,Raise,8440 Pine View Alley,Boise,ID,83716,816954917-5,4
300,Maud,Sugden,9 Bluestem Trail,Indianapolis,IN,46231,070930243-6,3
300,Alec,Eagland,69 Kropf Place,Trenton,NJ,8638,040892955-3,3
300,Gregor,Priden,3481 Algoma Court,Little Rock,AR,72209,421802864-8,2
300,Artur,BoHlingolsen,7 Bonner Junction,Cleveland,OH,44185,312530388-5,4
301,Jamal,Tyce,94759 Banding Parkway,Fort Smith,AR,72905,709373226-7,5
301,Yance,Lodwig,218 Hoffman Place,Norfolk,VA,23504,559680102-X,5
301,Pooh,Fayne,6 Di Loreto Park,Amarillo,TX,79171,385315480-8,4
302,Tamiko,Renney,924 Farwell Circle,Arlington,TX,76016,713176840-5,3
303,Spence,Cornock,68 Sutteridge Trail,San Diego,CA,92196,519039070-5,2
303,Westley,Moth,383 Burrows Alley,Moreno Valley,CA,92555,085886613-7,1
303,Andonis,Myring,89 Prairieview Lane,Corpus Christi,TX,78465,305410750-7,5
303,Keri,Crayker,020 Anthes Trail,Riverside,CA,92519,210311659-3,2
304,Elsie,MacIan,738 8th Junction,Norcross,GA,30092,736308284-7,2
305,Randell,Bruggeman,8 Warrior Pass,Houston,TX,77218,707945465-4,2
305,Sharity,Stainton - Skinn,2 Kensington Crossing,Minneapolis,MN,55470,302133212-9,1
306,Yolane,Cochrane,8580 Bowman Circle,Oklahoma City,OK,73114,908672726-3,4
306,Wylie,Burmingham,8 Anthes Trail,Pittsburgh,PA,15250,556579419-6,3
306,Bebe,Remmers,354 Clarendon Drive,Anchorage,AK,99522,225534145-X,1
307,Viva,Doneld,1491 Morrow Avenue,Greensboro,NC,27415,504708166-4,4
308,Cordula,Gathercoal,810 Kensington Pass,Brooksville,FL,34605,627989218-2,1
309,Christos,Petford,96 Clemons Point,Chicago,IL,60619,801345509-2,5
309,Sayre,Westnage,291 Debs Parkway,Lincoln,NE,68524,452649471-2,3
309,Hagan,Harp,1 Sheridan Junction,Detroit,MI,48211,466890198-9,3
310,Jamesy,Colvine,96 Kenwood Court,Bethesda,MD,20816,975240526-6,4
311,Berton,Greenhow,101 Summerview Crossing,Wichita,KS,67215,721874026-X,5
311,Nessi,Aulds,91054 Luster Terrace,Bronx,NY,10474,486137752-8,3
312,Dawna,Seacroft,02610 Leroy Alley,Phoenix,AZ,85062,076132061-X,5
313,Bernete,Liepmann,20892 Sage Place,Amarillo,TX,79182,167388129-7,2
313,Leslie,Innes,61 Springview Center,Omaha,NE,68110,540770300-9,2
313,Marleah,Woodfield,5418 Raven Trail,West Palm Beach,FL,33411,145087279-4,2
313,Monika,Ambrosoli,96751 Florence Terrace,Hattiesburg,MS,39404,057704103-7,1
313,Wilhelm,Elliss,6 Fremont Pass,Wichita,KS,67230,579738849-9,5
313,Nobe,Link,29977 Sherman Avenue,Oklahoma City,OK,73179,154076266-1,5
314,Culley,Fereday,54 Carey Pass,Ashburn,VA,22093,665004253-6,5
314,Hallie,Grzelak,45 Old Shore Trail,Saginaw,MI,48609,340459397-9,2
315,Erminie,Baldacco,7 Elgar Hill,Toledo,OH,43656,942385865-1,5
316,Corina,Yetton,7 Gateway Center,Wilkes Barre,PA,18768,204039523-7,5
316,Dick,Raff,746 Lakewood Hill,Washington,DC,20022,362325458-4,2
316,Laure,Kovelmann,73107 Lukken Lane,Indianapolis,IN,46247,651479994-9,3
318,Bendite,Hevner,22 Buena Vista Lane,Saint Petersburg,FL,33710,082972566-0,3
318,Mable,Luety,01650 Mayer Drive,Youngstown,OH,44511,220207379-5,2
318,Ree,Slym,60 Steensland Parkway,Philadelphia,PA,19160,430006750-3,1
319,Tanner,Folkerd,1503 Dottie Terrace,Santa Monica,CA,90405,235843554-6,2
319,Elisha,Kynaston,082 Macpherson Junction,Fresno,CA,93750,628078418-5,5
320,Edwina,O'Carrol,385 Eagan Avenue,Jackson,MS,39296,964501464-6,5
321,Dorine,Coe,4 American Street,Tampa,FL,33625,486910181-5,4
321,Florentia,Cosbey,55 Northland Pass,Denver,CO,80270,317784208-6,5
321,Hermia,Dammarell,54 Dovetail Crossing,Buffalo,NY,14263,296216751-9,3
322,Juliette,Capron,71323 Fremont Alley,Bakersfield,CA,93311,838307535-9,4
322,Joyce,Hatrick,4 Butterfield Road,El Paso,TX,88584,087506976-2,1
322,Dev,Kestell,89435 Loeprich Parkway,Spring,TX,77388,632368548-5,3
323,Wilie,Bunhill,19562 Monica Plaza,Syracuse,NY,13224,667828371-6,4
324,Dredi,Pattisson,4 Thompson Parkway,Dallas,TX,75260,664794123-1,3
324,Leigha,Sinson,11537 Golf Plaza,Reno,NV,89505,266181949-5,2
324,Veradis,Ewbanck,450 Bunting Avenue,Mobile,AL,36616,803073868-4,5
325,Kendal,O' Borne,7 Lillian Crossing,Lawrenceville,GA,30045,569823260-1,5
325,Homer,Wadsworth,58 Straubel Crossing,New Haven,CT,6533,363643509-4,4
325,Marylou,Darrington,56 Troy Drive,Virginia Beach,VA,23464,693740240-6,1
325,Niels,Leadbetter,4 Vahlen Alley,Winston Salem,NC,27150,952418469-9,5
326,Christye,Connal,3011 High Crossing Center,Santa Fe,NM,87592,687833830-1,3
326,Katy,Zettoi,5803 Johnson Road,Austin,TX,78769,159571754-4,3
326,Vincenz,Parkyns,6139 Golden Leaf Street,Syracuse,NY,13210,074569399-7,5
327,Lorens,Robichon,03882 Susan Road,Duluth,GA,30096,588377762-7,5
327,Kati,Woodeson,7330 Schmedeman Terrace,Denver,CO,80228,541353838-3,3
327,Pierette,Jachimiak,76481 Forest Run Point,Petaluma,CA,94975,423383781-0,2
328,Brianne,Brotherhed,069 Bartillon Place,Alexandria,VA,22313,811228190-4,3
328,Marie-ann,Hiseman,0 Lukken Plaza,Minneapolis,MN,55428,814802350-6,2
328,Leena,Pears,64 Rowland Road,Portsmouth,NH,3804,263333554-3,1
328,Kris,Alben,8 Becker Park,Oklahoma City,OK,73109,196323496-0,1
328,Gwennie,Elfes,8 Spaight Lane,Los Angeles,CA,90010,916024275-2,1
328,Davidde,Kob,94585 Schurz Pass,Albuquerque,NM,87195,557059851-0,1
328,Micheal,Strephan,2 Dryden Junction,Cincinnati,OH,45238,046249288-5,3
329,Riobard,Wines,20764 Corben Plaza,Kansas City,KS,66160,523522277-6,5
330,Win,Dow,519 Eagan Park,Davenport,IA,52804,187276166-6,4
330,Pansie,Acres,8176 Harbort Road,Cleveland,OH,44105,311111841-X,3
331,Lem,Jahncke,2095 Thompson Terrace,Fort Lauderdale,FL,33325,557679530-X,2
332,Hugh,Spinelli,89171 Ridgeway Lane,Washington,DC,20370,493958358-9,1
335,Corey,Swedeland,7676 Mcguire Junction,Gastonia,NC,28055,632313711-9,1
335,Joelly,Goudard,7 Kinsman Road,Richmond,VA,23225,061326029-5,3
336,Daffie,Romanin,02 Talmadge Crossing,Yakima,WA,98907,697040486-2,3
336,Nessy,Duncan,008 Buell Trail,Cheyenne,WY,82007,885938525-3,1
336,Stephanus,Iwanowski,2 Kipling Center,Buffalo,NY,14276,649731612-4,3
337,Jacquette,McRobbie,0 Golf Avenue,Orlando,FL,32830,540781203-7,3
337,Ellsworth,Taggart,685 Maryland Circle,Falls Church,VA,22047,315548088-2,1
338,Ame,Dougherty,81994 Memorial Street,Garland,TX,75049,322213875-3,2
338,Greta,Swiers,9403 Village Circle,Boulder,CO,80328,839259864-4,3
338,Papagena,Paulack,51 Merchant Alley,Spartanburg,SC,29319,173031992-0,1
338,Jasen,Alldre,94 Burning Wood Place,Columbus,GA,31904,204994386-5,1
339,Joyann,O'Nowlan,87564 Dexter Trail,Warren,MI,48092,134412883-1,4
339,Franny,Thomason,8237 Burrows Crossing,Columbus,OH,43204,184856537-2,5
340,Karlis,Collingridge,74 Grasskamp Circle,Saint Louis,MO,63143,949135693-3,3
340,Cherie,Sweeten,44770 Center Avenue,Cedar Rapids,IA,52405,983548634-4,3
341,Hastie,Kinastan,92268 Kings Terrace,Scranton,PA,18514,564899629-2,1
341,Brandon,Harbach,246 Dryden Avenue,Sterling,VA,20167,325420728-9,4
342,Dennison,Udey,0 Northridge Drive,Amarillo,TX,79171,031528164-2,2
342,Monte,Vivians,772 Steensland Way,Dayton,OH,45403,118333967-4,1
342,Jecho,Digby,5155 Village Green Drive,Corona,CA,92883,791696635-2,3
342,Trudi,Teather,8 Ryan Hill,Springfield,IL,62764,905537809-7,1
344,Eydie,Waghorn,8 Redwing Crossing,Morgantown,WV,26505,456116131-7,1
344,Levy,Regardsoe,3 Oakridge Road,Jacksonville,FL,32255,097242799-6,2
345,Tonie,Bassingham,1 Fuller Road,Baltimore,MD,21282,590323408-9,5
346,Leonanie,Snasdell,9820 Hoffman Pass,Schenectady,NY,12325,152609516-5,5
346,Giacomo,Cutajar,30077 Clarendon Crossing,Gaithersburg,MD,20883,813953829-9,2
346,Dru,McCleod,9988 Gale Road,Portland,OR,97201,841086962-4,4
346,Carver,Nortunen,763 Main Hill,Nashville,TN,37215,132220934-0,5
346,Eulalie,Isbell,03540 Manitowish Parkway,Des Moines,IA,50335,333060212-0,1
347,Modestine,Dawtre,3866 Glendale Road,San Francisco,CA,94164,593187260-4,4
347,Nikolaus,De Micoli,8939 Valley Edge Hill,Portland,OR,97206,903590059-6,2
347,Leonid,Checchetelli,046 Lunder Lane,Tuscaloosa,AL,35405,895193847-6,4
348,Hedi,Doerrling,96 Roth Point,Peoria,IL,61614,528376070-7,1
348,Trisha,Gariff,83790 Kropf Street,Des Moines,IA,50320,993986474-4,2
348,Carole,Hazeldean,68 Corben Parkway,Akron,OH,44310,540472924-4,4
348,Adriaens,Keniwell,3969 Brentwood Lane,Washington,DC,20404,399854130-6,5
349,Hedy,Vasilkov,96 Grim Trail,Memphis,TN,38188,890214844-0,4
349,Sam,Bentall,50 Carioca Pass,Erie,PA,16534,311884476-0,3
349,Dev,Dunniom,579 Kedzie Street,Tulsa,OK,74116,383106220-X,3
350,Ivor,Petera,64 Warrior Terrace,Newton,MA,2162,459124368-0,2
350,Carilyn,Shadfourth,3552 Merchant Plaza,Dallas,TX,75236,764986603-3,2
350,Rayner,Falvey,45456 Schlimgen Crossing,Washington,DC,20210,628778571-3,2
350,Tabbi,Mettricke,764 Farmco Crossing,Hialeah,FL,33013,520734140-5,3
351,Rafaelia,Seint,82 Springs Drive,Lakeland,FL,33805,414406880-3,4
352,Geoffry,Pyner,0258 Donald Park,Jackson,MS,39204,306910540-8,1
352,Jerrie,Tibols,61 Carey Pass,San Jose,CA,95155,789612761-X,5
352,Brianna,Bullerwell,5 Anhalt Avenue,Salt Lake City,UT,84125,145152720-9,5
353,Pearl,Mapp,0162 Springview Trail,Mountain View,CA,94042,641604869-8,4
353,Hadleigh,Lawrenson,02556 Oriole Road,New Orleans,LA,70165,000900518-8,3
354,Harli,Syratt,5442 Columbus Avenue,Racine,WI,53405,102325458-1,1
355,Davidson,Rambadt,4 Drewry Hill,Chicago,IL,60681,413336149-0,1
355,Max,Redborn,2030 Burning Wood Plaza,Tampa,FL,33615,728162145-0,3
356,Idell,Bundock,722 Kedzie Parkway,Las Vegas,NV,89166,611365983-6,1
356,Gail,Savatier,3 Cody Parkway,Killeen,TX,76544,083085904-7,3
356,Michele,Lohde,607 Banding Hill,Alhambra,CA,91841,041059009-6,4
357,Reidar,Geal,7144 Trailsway Alley,Albuquerque,NM,87201,933173144-2,3
357,Harlie,De La Hay,0528 Dryden Hill,Cincinnati,OH,45228,891086951-8,3
357,Babita,Jiggen,9 Chinook Court,Arvada,CO,80005,751652962-1,3
358,Sly,Stribling,3 Fieldstone Crossing,Fort Lauderdale,FL,33325,541638714-9,5
358,Lazarus,Overstreet,135 Birchwood Center,Fort Wayne,IN,46805,447677765-1,2
359,Charlene,Wheldon,6468 Cordelia Lane,Denver,CO,80204,596744275-8,4
360,Byran,Farreil,77 Memorial Terrace,Lansing,MI,48912,129219263-1,1
360,Esma,Dann,20654 Stuart Court,Hollywood,FL,33028,376504189-0,2
361,Kylen,Kivelle,88434 Mccormick Parkway,Lansing,MI,48930,521513238-0,2
361,Levey,Hellmer,904 David Crossing,Brooklyn,NY,11254,209682177-0,4
361,Rhett,Fell,02 Meadow Valley Crossing,Colorado Springs,CO,80920,595578488-8,1
361,Carl,Corrington,54288 Veith Road,Charlotte,NC,28278,500266973-5,3
361,Estrella,MacGorman,4998 Meadow Valley Street,Gaithersburg,MD,20883,061136350-X,2
362,Dita,Boothby,20 Butternut Junction,Saint Louis,MO,63158,544936051-7,4
362,Madella,Dundridge,6 Bay Lane,Columbus,GA,31904,955600249-9,3
363,Fiorenze,Meneghi,6 Dixon Plaza,Mobile,AL,36641,739478954-3,2
363,Martguerita,Drinkeld,7 Chive Junction,San Francisco,CA,94177,741963173-5,1
363,Cory,Allchorn,8614 Raven Trail,Utica,NY,13505,666085094-5,5
363,Ali,Eaglesham,81117 Merrick Center,Milwaukee,WI,53234,154597385-7,1
363,Billie,O'Rodane,1 Meadow Valley Junction,Fort Wayne,IN,46805,158746506-X,5
364,Paten,Cornfoot,5 Hallows Drive,Charleston,WV,25321,240907022-1,3
364,Corrianne,Luckhurst,7 Reindahl Court,New York City,NY,10090,468737563-4,2
365,Coriss,Titchener,4136 Golf View Street,Amarillo,TX,79159,998376334-6,3
366,Maximilianus,Tash,893 Loomis Road,Washington,DC,20073,366027664-2,3
367,Pierce,Rowatt,838 Amoth Avenue,Charlotte,NC,28299,111082076-3,1
367,Coretta,Vasyukhichev,72 Dakota Pass,Boston,MA,2216,657941028-0,4
368,Ann,Godley,4 Vera Junction,Chicago,IL,60609,407201368-4,1
368,Innis,Vidineev,02 Kim Terrace,Houston,TX,77212,895220636-3,5
368,Stephanie,Allsworth,4 Commercial Plaza,Greenville,SC,29615,378369142-7,1
369,Ali,Huffa,88388 Arizona Parkway,Omaha,NE,68179,863052236-4,4
369,Horace,Ranshaw,82 Oxford Center,Minneapolis,MN,55470,955051756-X,1
369,Witty,Angrock,16 Atwood Drive,New Castle,PA,16107,647370700-X,4
369,,,502 Menomonie Trail,Arlington,VA,22244,647920210-4,2
370,Jessica,Blaxland,4 Eggendart Plaza,Miami,FL,33142,381705141-7,2
370,Sher,Cazalet,71 Dovetail Way,Beaverton,OR,97075,271323792-0,2
371,Daloris,Pullen,1902 Park Meadow Plaza,Spokane,WA,99205,189243198-X,5
371,Robin,Coxwell,3 Kedzie Terrace,Amarillo,TX,79159,582925476-X,5
371,Maximilianus,Jinda,309 Straubel Plaza,New Orleans,LA,70154,008839375-5,5
372,Cecil,Archdeacon,95962 Golf Course Lane,San Antonio,TX,78278,631632176-7,3
372,Ingemar,Durtnal,4849 Hagan Hill,Topeka,KS,66622,089751139-5,2
373,Martino,Aizikovitz,63 Browning Hill,Englewood,CO,80150,444793947-9,5
374,Carlynne,Edwinson,9 2nd Crossing,Santa Rosa,CA,95405,396657013-0,3
374,Kerk,Edon,6659 Thompson Place,Flushing,NY,11388,465992699-0,5
375,Garvy,Bierton,4154 Dorton Parkway,Fort Collins,CO,80525,005085598-0,1
375,Tomaso,Huitt,3701 Mccormick Pass,Mc Keesport,PA,15134,562529773-8,4
375,Junia,Berggren,21594 Lien Alley,San Diego,CA,92115,946583522-6,3
376,Giffie,Copcote,75425 Forest Run Pass,Brooklyn,NY,11254,172096438-6,5
376,Yolane,Andrus,86218 Barby Crossing,El Paso,TX,79905,053745534-5,4
376,Marie,Petrussi,0 Spohn Street,Omaha,NE,68164,896704789-4,3
377,Carline,Wainwright,2 Elgar Point,Saint Petersburg,FL,33731,228364555-7,2
377,Packston,Downton,269 Waubesa Avenue,Richmond,VA,23293,106047346-1,3
378,Filbert,Ferie,7057 Clove Lane,Mobile,AL,36628,792334734-4,2
378,Jasmine,Vasyutkin,5 Thierer Place,Saint Paul,MN,55114,861522123-5,2
379,Van,Noor,945 Everett Alley,Washington,DC,20041,934573453-8,3
379,Ortensia,Swale,189 Prentice Lane,Tampa,FL,33680,156059069-6,2
379,Inglis,Keppy,87 Eagan Center,Atlanta,GA,30340,802949308-8,5
380,Ephrem,Handling,41171 Marcy Hill,Trenton,NJ,8650,950661256-0,4
381,Rosalynd,Burry,01310 Continental Terrace,Washington,DC,20010,452323850-2,2
381,Carma,Airs,24408 Maryland Plaza,Norfolk,VA,23551,111218749-9,3
381,Bent,Vibert,10664 Green Ridge Alley,Tulsa,OK,74184,855262821-X,3
381,Haze,Narbett,72 Leroy Avenue,Charlotte,NC,28299,431720092-9,1
382,Cly,Rosier,55273 Shoshone Plaza,Dayton,OH,45440,881305177-8,2
382,Matthaeus,Kinlock,3070 Hollow Ridge Court,Atlanta,GA,30368,707615626-1,1
383,Taite,Deniskevich,24493 Transport Crossing,Washington,DC,20238,278454139-8,3
383,Abeu,Libbis,049 Spenser Center,Las Vegas,NV,89145,482324722-1,1
383,Elijah,MacAllister,45729 Charing Cross Plaza,Oceanside,CA,92056,650446837-0,2
383,Cherish,Parradye,1239 Sage Trail,Reno,NV,89510,785327840-3,5
384,Haskell,Bushaway,649 Schmedeman Point,Pueblo,CO,81005,302308238-3,2
384,Kile,Winsley,982 Lawn Point,Boston,MA,2114,267612951-1,1
385,Anders,Ketchaside,9548 Coolidge Avenue,Huntington,WV,25770,349030503-5,2
385,Bernardine,Balazs,9158 Dovetail Hill,El Paso,TX,79984,476223199-1,4
386,Kelly,Cardno,1282 Forest Dale Court,San Antonio,TX,78235,261331270-X,5
386,Gordon,MacCheyne,391 Redwing Park,Kansas City,MO,64144,338316184-6,2
387,Florentia,Laxe,998 Rieder Parkway,Atlanta,GA,31119,527314118-4,5
387,Mauricio,Edney,24 Mariners Cove Drive,Spokane,WA,99205,918360422-7,3
388,Vera,Blaschek,7 Mifflin Alley,Greenville,SC,29615,435052192-5,3
388,Teressa,Pennini,19 Cody Court,Bakersfield,CA,93399,657908462-6,5
388,Warren,Baysting,548 Artisan Hill,Toledo,OH,43699,138084690-0,3
389,Dominic,Kaesmakers,95 Shopko Drive,Dallas,TX,75221,571582525-3,5
389,Myrtle,Mainson,2 Schurz Crossing,New York City,NY,10090,892408418-6,1
389,Fredra,Sollon,0 Talisman Lane,Winston Salem,NC,27105,423444492-8,5
390,Novelia,Paprotny,96 Carioca Terrace,Richmond,VA,23293,002616520-1,1
390,Kynthia,Swynfen,50504 Melby Lane,Baltimore,MD,21216,864437126-6,5
391,Filbert,Houson,93 Riverside Point,Pittsburgh,PA,15274,472944685-2,1
391,Shurwood,Churchlow,02 Merchant Hill,El Paso,TX,88558,052842322-3,2
392,Gizela,Hastwall,92755 Sutherland Crossing,Fresno,CA,93786,454250810-2,3
392,Chrisy,Eul,83679 Novick Pass,Escondido,CA,92030,326710191-3,4
392,Dori,Dobie,4795 Grasskamp Way,Albany,NY,12205,294908811-2,4
392,Kendall,Gilsthorpe,8 Eggendart Pass,El Paso,TX,88514,786437464-6,1
393,Baldwin,Gawthorp,4474 Merry Junction,Grand Rapids,MI,49510,912000338-2,4
393,Jackquelin,Ovise,15 Canary Drive,Athens,GA,30610,440216723-X,1
394,Susann,Slemmonds,70 Lillian Trail,Charleston,SC,29416,763768444-X,4
394,Alexi,Chiles,4762 Grim Hill,Glendale,AZ,85305,566636591-6,2
394,Ramsay,Tebbitt,1479 Harbort Drive,Vancouver,WA,98687,703300415-X,1
394,Kirstin,Fletcher,45 Old Shore Way,Nashville,TN,37245,249426571-1,3
394,Saleem,Porson,11 Doe Crossing Center,Tulsa,OK,74184,953010051-5,5
395,Joline,Andreotti,9858 Myrtle Street,El Paso,TX,79945,482314430-9,2
395,Phil,Haxell,940 Elmside Center,Midland,TX,79710,734889528-X,2
396,Paddie,Hildrew,42 Lotheville Parkway,Henderson,NV,89074,126555380-7,4
397,Sergio,Brinkman,4 Bonner Place,Miami,FL,33196,509818569-6,4
398,Milli,Saket,6 Ludington Park,Greenville,SC,29610,365551422-0,4
399,Aldo,Shafe,42215 Lakewood Avenue,Charlottesville,VA,22903,844877809-X,5
399,Mac,Rawlings,5 Brickson Park Avenue,El Paso,TX,88541,603691285-4,5
399,Phillip,Cockshut,3866 Kropf Trail,Frederick,MD,21705,208349221-8,
399,Lucy,Lynskey,56 Judy Plaza,El Paso,TX,79984,738397360-7,4
400,Cissy,Trenbay,01629 Vernon Road,Richmond,VA,23237,404871390-6,3
400,Timoteo,Frango,604 Golf View Trail,Mesa,AZ,85210,597525668-2,4
